spczm,产品名称,产品规格,生产厂家,医保代码
601017735,一次性使用内窥镜标本取物袋,ANONG-QWD-A D 无拉线,安能医疗器械(常熟)有限公司,CN0000000054213
604109715,一次性使用栓塞保护伞,TJEP04-190,北京泰杰伟业科技股份有限公司,CN0000000069892
604002140,金属髓内钉,47-2484-040-50,"Zimmer, Inc. 美国捷迈公司",
604002134,金属髓内钉,47-2484-032-50,"Zimmer, Inc. 美国捷迈公司",
604050779,脊柱内固定系统,8266545,常州鼎健医疗器械有限公司,
604050174,脊柱内固定系统,8007080,常州鼎健医疗器械有限公司,
601019944,椎体成形器,ZC03 φ1.5*300,山东冠龙医疗用品有限公司,C03310900300000019280000009
601903089,手术切口层保护器,18cm,江西3L医用制品集团股份有限公司,
601010241,可吸收缝线,PDTR126,"KJ MEDITECH Co., Ltd. 光霁梅迪泰克株式会社",CN0000000011560
604071850,金属带线锚钉,TA4B2 φ2.0,北京天星博迈迪医疗器械有限公司,CN0000000020794
604071930,左心耳封堵器系统,DS-L 9F,上海普实医疗器械股份有限公司,CN0000000021339
604071933,左心耳封堵器系统,LAAO-I 22,上海普实医疗器械股份有限公司,CN0000000021338
601906917,PTCA配件,连接管 100cm*1200PSI,沈阳新智源医疗用品有限公司,
601911173,一次性使用手术衣,标准型 L,世源科技(嘉兴)医疗电子有限公司,
601911174,一次性使用手术衣,标准型 M,世源科技(嘉兴)医疗电子有限公司,
601911175,一次性使用手术衣,标准型 S,世源科技(嘉兴)医疗电子有限公司,
604043636,钛合金脑动脉瘤夹,FT214T,Aesculap AG 蛇牌股份有限公司,
604043677,钛合金脑动脉瘤夹,FT323T,Aesculap AG 蛇牌股份有限公司,
604043750,钛合金脑动脉瘤夹,FT784T,Aesculap AG 蛇牌股份有限公司,
601008864,腔镜弯转型切割吻合器钉匣,ENDO SRC4525R,天津瑞奇外科器械股份有限公司,
601008868,腔镜弯转型切割吻合器钉匣,ENDO SRC4548R,天津瑞奇外科器械股份有限公司,
601008870,腔镜弯转型切割吻合器钉匣,ENDO SRC6035R,天津瑞奇外科器械股份有限公司,
601008866,腔镜弯转型切割吻合器钉匣,ENDO SRC4535R,天津瑞奇外科器械股份有限公司,
601008872,腔镜弯转型切割吻合器钉匣,ENDO SRC6040R,天津瑞奇外科器械股份有限公司,
601008873,腔镜弯转型切割吻合器钉匣,ENDO SRC6048R,天津瑞奇外科器械股份有限公司,
604041954,人造血管,CVLT4547C,"Bard Peripheral Vascular, Inc. 巴德外周血管股份有限公司",
604072251,冠状动脉球囊扩张导管,2.50mm*30mm,依奈德医疗技术(上海)有限公司 ,CN0000000022774
604042885,人工晶状体,SN60WF +21.0D,"Alcon Laboratories, Incorporated 美国爱尔康公司",
601006230-0,生物蛋白海绵,100*25*1.5(mm),哈尔滨沛奇隆生物制药股份有限公司,
601006230,生物蛋白海绵,100*25*1.5(mm),哈尔滨沛奇隆生物制药股份有限公司,
601010250,一次性使用黏膜切开刀,KD-645L,オリンパスメディカルシステムズ株式会社 奥林巴斯医疗株式会社,CN0000000022514
604072037,动脉瘤夹,17-001-91,日本 ミズホ株式会社 瑞穗株式会社,CN0000000018600
604043666,钛合金脑动脉瘤夹,FT282T,Aesculap AG 蛇牌股份有限公司,
601911181,一次性使用手术衣,中号,河南禹生医疗器械有限责任公司,
601911180,一次性使用手术衣,大号,河南禹生医疗器械有限责任公司,
601911182,一次性使用手术衣,小号,河南禹生医疗器械有限责任公司,
604042893,人工晶状体,SN60WF +25.0D,"Alcon Laboratories, Incorporated 美国爱尔康公司",
604042864,人工晶状体,SN60WF +10.5D,"Alcon Laboratories, Incorporated 美国爱尔康公司",
601004547,一次性使用双腔血液透析导管包,MC-12122-F,"Arrow International, Inc. 箭牌国际公司",
604072237,肘关节假体,650-110,Waldemar Link GmbH & Co. KG 沃尔德马林克有限两合公司,CN0000000007222
604072235,肘关节假体,650-105,Waldemar Link GmbH & Co. KG 沃尔德马林克有限两合公司,CN0000000007222
604072234,肘关节假体,650-100,Waldemar Link GmbH & Co. KG 沃尔德马林克有限两合公司,CN0000000007222
604072236,肘关节假体,650-115,Waldemar Link GmbH & Co. KG 沃尔德马林克有限两合公司,CN0000000007222
604047252,中心孔后房屈光型人工晶状体,VICMO 13.2 -11.0D,STAAR Surigical AG,
604047204,中心孔后房屈光型人工晶状体,VICMO 12.6 -7.5D,STAAR Surigical AG,
604047408,中心孔后房散光屈光型人工晶状体,VTICMO 13.2 -14.5D,STAAR Surigical AG,
604047406,中心孔后房散光屈光型人工晶状体,VTICMO 13.2 -13.5D,STAAR Surigical AG,
604047386,中心孔后房散光屈光型人工晶状体,VTICMO 13.2 -3.5D,STAAR Surigical AG,
604047377,中心孔后房散光屈光型人工晶状体,VTICMO 12.6 -17.0D,STAAR Surigical AG,
604047356,中心孔后房散光屈光型人工晶状体,VTICMO 12.6 -6.5D,STAAR Surigical AG,
604047348,中心孔后房散光屈光型人工晶状体,VTICMO 12.6 -2.5D,STAAR Surigical AG,
604047327,中心孔后房散光屈光型人工晶状体,VTICMO 12.1 -10.0D,STAAR Surigical AG,
604047325,中心孔后房散光屈光型人工晶状体,VTICMO 12.1 -9.0D,STAAR Surigical AG,
601006002,一次性使用无菌硅胶导尿管,双腔(带球囊) 18Fr,广东百合医疗科技股份有限公司,
601006003,一次性使用无菌硅胶导尿管,双腔(带球囊) 22Fr,广东百合医疗科技股份有限公司,20251573
601006004,一次性使用无菌硅胶导尿管,双腔(带球囊) 24Fr,广东百合医疗科技股份有限公司,20240838
601010327,一次性使用腔镜下切割吻合器及组件,组件 JF60G,常州市康迪医用吻合器有限公司,CN0000000028245
604072586,PTA球囊扩张导管,U4130222,"Bard Peripheral Vascular, Inc. 巴德外周血管股份有限公司",CN0000000005317
604072639,PTA球囊扩张导管,U41003H2,"Bard Peripheral Vascular, Inc. 巴德外周血管股份有限公司",CN0000000005317
601010218,一次性使用异物钳,MTN-GF-23/16-3-C-0,南微医学科技股份有限公司,C01022800800003049370000017
601010203,一次性使用异物钳,MTN-GF-16/23-1-C-0,南微医学科技股份有限公司,C01022800800003049370000123
604071891,外周血管球囊扩张导管,1014258-100,Abbott Vascular 雅培心血管,CN0000000019648
604071906,外周血管球囊扩张导管,1014261-100,Abbott Vascular 雅培心血管,CN0000000019648
604071939,左心耳封堵器系统,LAAO-I 34,上海普实医疗器械股份有限公司,CN0000000021338
601004546,一次性使用双腔血液透析导管包,CV-15122-F,"Arrow International, Inc. 箭牌国际公司",
604072310,髋关节假体-股骨柄,1100-3303,北京爱康宜诚医疗器材有限公司,C03440210702010080230000249
601010375,一次性使用活体取样钳,KHTS-180-050-Ⅳ,江苏柯汇医疗科技有限公司,CN0000000021757
604000488,导丝,RF*GA18263M,日本 テルモ株式会社 Terumo Corporation 泰尔茂株式会社,
604000521,导丝,RF*HA35153M,日本 テルモ株式会社 Terumo Corporation 泰尔茂株式会社,
604072643,PTA球囊扩张导管,U41303H4,"Bard Peripheral Vascular, Inc. 巴德外周血管股份有限公司",CN0000000005317
604071952,肝素涂层血管内覆膜支架系统,VBHR051502W,"W.L. Gore & Associates, Inc. 戈尔及同仁有限公司",CN0000000023044
604043672,钛合金脑动脉瘤夹,FT307T,Aesculap AG 蛇牌股份有限公司,
604072659,PTA球囊扩张导管,U41503H22,"Bard Peripheral Vascular, Inc. 巴德外周血管股份有限公司",CN0000000005317
604072712,PTA球囊扩张导管,U813024,"Bard Peripheral Vascular, Inc. 巴德外周血管股份有限公司",CN0000000005317
604072909,PTA球囊扩张导管,U813094,"Bard Peripheral Vascular, Inc. 巴德外周血管股份有限公司",CN0000000005317
604072482,造影导管,452-435H0,Cordis Cashel 康蒂思（爱尔兰）,CN0000000017198
604072500,造影导管,452-550V0,Cordis Cashel 康蒂思（爱尔兰）,CN0000000017198
604072535,造影导管,SRD7021,Cordis Cashel 康蒂思（爱尔兰）,CN0000000017198
604072547,造影导管,SRD7088,美国 Cordis Corporation 康蒂思公司,CN0000000017198
604047284,中心孔后房屈光型人工晶状体,VICMO 13.7 -6.5D,STAAR Surigical AG,
604008113,膝关节假体(骨水泥型),318-102/02,Waldemar Link GmbH & Co. KG 沃尔德马林克有限两合公司,
604072016,动脉瘤夹,17-002-2,日本 ミズホ株式会社 瑞穗株式会社,CN0000000018600
604043624,钛合金脑动脉瘤夹,FT154T,Aesculap AG 蛇牌股份有限公司,
604043631,钛合金脑动脉瘤夹,FT200T,Aesculap AG 蛇牌股份有限公司,
604043664,钛合金脑动脉瘤夹,FT273T,Aesculap AG 蛇牌股份有限公司,
604043682,钛合金脑动脉瘤夹,FT333T,Aesculap AG 蛇牌股份有限公司,
604043708,钛合金脑动脉瘤夹,FT662T,Aesculap AG 蛇牌股份有限公司,
604043709,钛合金脑动脉瘤夹,FT680T,Aesculap AG 蛇牌股份有限公司,
604043769,钛合金脑动脉瘤夹,FT851T,Aesculap AG 蛇牌股份有限公司,
601010295,通用内镜直线切割吻合器及一次性钉匣,ENDO RLC6040 L,天津瑞奇外科器械股份有限公司,CN0000000019923
601004545,一次性使用双腔血液透析导管包,CU-13122-F,"Arrow International, Inc. 箭牌国际公司",
604072460,TIPS覆膜支架系统,PTB108275W,"W.L. Gore & Associates, Inc. 戈尔及同仁有限公司",CN0000000024512
604072444,髋关节假体 陶瓷内衬,A2400-28/36,北京爱康宜诚医疗器材有限公司,C03440610706001080230000020
604073849,尿道支架系统,028TW-60毫米,Pnn Medical A/S 珮恩医学,CN0000000020181
604071851,金属带线锚钉,TA1A2 φ3.6,北京天星博迈迪医疗器械有限公司,CN0000000020793
604071884,外周血管球囊扩张导管,1014257-060,Abbott Vascular 雅培心血管,CN0000000019648
604043700,钛合金脑动脉瘤夹,FT638T,Aesculap AG 蛇牌股份有限公司,
604043736,钛合金脑动脉瘤夹,FT754T,Aesculap AG 蛇牌股份有限公司,
601010331,一次性腔镜用直线型切割吻合器及组件,QR60VM,常州市康迪医用吻合器有限公司,CN0000000028248
604072302,髋关节假体-股骨柄,1100-3206,北京爱康宜诚医疗器材有限公司,C03440210702010080230000107
604072736,PTA球囊扩张导管,U8150230,"Bard Peripheral Vascular, Inc. 巴德外周血管股份有限公司",CN0000000005317
604072802,PTA球囊扩张导管,U81503H4,"Bard Peripheral Vascular, Inc. 巴德外周血管股份有限公司",CN0000000005317
604072837,PTA球囊扩张导管,U875410,"Bard Peripheral Vascular, Inc. 巴德外周血管股份有限公司",CN0000000005317
604072847,PTA球囊扩张导管,U8130422,"Bard Peripheral Vascular, Inc. 巴德外周血管股份有限公司",CN0000000005317
604072858,PTA球囊扩张导管,U815054,"Bard Peripheral Vascular, Inc. 巴德外周血管股份有限公司",CN0000000005317
604072886,PTA球囊扩张导管,U813066,"Bard Peripheral Vascular, Inc. 巴德外周血管股份有限公司",CN0000000005317
604008132,膝关节假体(骨水泥型),318-313/04,Waldemar Link GmbH & Co. KG 沃尔德马林克有限两合公司,C03420210701006003490000010
604072530,造影导管,SRD7009,Cordis Cashel 康蒂思（爱尔兰）,CN0000000017198
604072470-3,植入式给药装置,SP20210,SOPHYSA 法国索菲萨,CN0000000017569
604047280,中心孔后房屈光型人工晶状体,VICMO 13.7 -4.5D,STAAR Surigical AG,
604047245,中心孔后房屈光型人工晶状体,VICMO 13.2 -7.5D,STAAR Surigical AG,
604047276,中心孔后房屈光型人工晶状体,VICMO 13.7 -2.75D,STAAR Surigical AG,
604047224,中心孔后房屈光型人工晶状体,VICMO 12.6 -17.5D,STAAR Surigical AG,
604047203,中心孔后房屈光型人工晶状体,VICMO 12.6 -7.0D,STAAR Surigical AG,
604047181,中心孔后房屈光型人工晶状体,VICMO 12.1 -16.5D,STAAR Surigical AG,
604047146,中心孔后房屈光型人工晶状体,VICMO 12.1 -1.0D,STAAR Surigical AG,
604047445,中心孔后房散光屈光型人工晶状体,VTICMO 13.7 -15.0D,STAAR Surigical AG,
604071870,外周血管球囊扩张导管,1014254-080,Abbott Vascular 雅培心血管,CN0000000019648
604008108,膝关节假体(骨水泥型),15-8031/11,Waldemar Link GmbH & Co. KG 沃尔德马林克有限两合公司,
604026538,脊柱内固定系统,55840005545,"Medtronic Sofamor Danek USA, Inc. 美敦力枢法模丹历股份有限公司",1292775
604043611,钛合金脑动脉瘤夹,FT113T,Aesculap AG 蛇牌股份有限公司,
604041972,人造血管,VLT3547C,"Bard Peripheral Vascular, Inc. 巴德外周血管股份有限公司",
604042533,中心静脉导管包,ES-04522,"Arrow International, Inc. 箭牌国际公司",
601908657,一次性使用无菌造影剂针筒,CT-200-LF,沈阳新智源医疗用品有限公司,
604072313,髋关节假体-股骨柄,1100-3345,北京爱康宜诚医疗器材有限公司,C03440210702010080230000251
601010362,一次性使用活体取样钳,KHTS-23-025-Ⅰ,江苏柯汇医疗科技有限公司,CN0000000021757
604000449,血管内造影导管,RF*EA35010M,日本 テルモ株式会社 Terumo Corporation 泰尔茂株式会社,
604015503,髋臼系统,71333346,"Smith & Nephew, Inc. 美国施乐辉有限公司",C03451010702006060520000025
604015520,髋臼系统,71336466,"Smith & Nephew, Inc. 美国施乐辉有限公司",C03440310701001060520000019
603900163,金刚砂车针,FO-25 5*1 MANI,"MANI,INC. マニー株式会社 马尼株式会社",
604071071,脊柱内固定器 钉棒系统,Ⅳ型(RF-1) 多轴复位螺钉  6.5*35mm (钛合金),上海三友医疗器械股份有限公司,CN0000000011959
604023413,胸主动脉覆膜支架系统,VAMF2424C100TE,"Medtronic, Inc. 美敦力公司",
604023435,胸主动脉覆膜支架系统,VAMF3434C200TE,"Medtronic, Inc. 美敦力公司",222294
604071314,膝关节组件,183584,Biomet Orthopedics 邦美骨科公司,CN0000000013584
604071445,膝关节组件,189128,Biomet Orthopedics 邦美骨科公司,C03420310703010075510000396
604071458,膝关节组件,189262,Biomet Orthopedics 邦美骨科公司,CN0000000013584
604071503,膝关节组件,189642,Biomet Orthopedics 邦美骨科公司,CN0000000013584
604041800,可吸收人工骨粉,900-005,Biocomposites Ltd. 英国百赛公司,
604064943,分叉型大动脉覆膜支架及输送系统,AB241414-1004030-200010,上海微创心脉医疗科技(集团)股份有限公司,
604064915,分叉型大动脉覆膜支架及输送系统,AB221414-0704030-200010,上海微创心脉医疗科技(集团)股份有限公司,
604064902,分叉型大动脉覆膜支架及输送系统,AB221212-0504030-200010,上海微创心脉医疗科技(集团)股份有限公司,
604065928,直管型覆膜支架及输送系统,HT3224-080-2000,上海微创心脉医疗科技(集团)股份有限公司,
604073052,锁定金属接骨板系统,AZX-LL ABLS264 8*13*156*12*2.4 左,北京贝思达生物技术有限公司,CN0000000016262
604011938,空心螺钉,04.226.626,Synthes GmbH 辛迪思有限公司,
604012002,空心螺钉,04.227.120,Synthes GmbH 辛迪思有限公司,
604012015,空心螺钉,04.227.305,Synthes GmbH 辛迪思有限公司,
604010388,髓内钉系统,04.004.237S,Synthes GmbH 辛迪思有限公司,
604010429,髓内钉系统,04.004.470S,Synthes GmbH 辛迪思有限公司,
604010480,髓内钉系统,04.005.442,Synthes GmbH 辛迪思有限公司,
604010526,髓内钉系统,04.005.532,Synthes GmbH 辛迪思有限公司,
604010589,髓内钉系统,04.005.646,Synthes GmbH 辛迪思有限公司,
604010596,髓内钉系统,04.005.670,Synthes GmbH 辛迪思有限公司,
604010667,髓内钉系统,04.024.461S,Synthes GmbH 辛迪思有限公司,
604010669,髓内钉系统,04.024.467S,Synthes GmbH 辛迪思有限公司,
604010696,髓内钉系统,451.707S,Synthes GmbH 辛迪思有限公司,
604010310,髓内钉系统,458.500,Synthes GmbH 辛迪思有限公司,
604010321,髓内钉系统,458.720,Synthes GmbH 辛迪思有限公司,
604008360,腹主动脉覆膜血管内支架系统,RMT281412,"W.L. Gore & Associates, Inc. 戈尔及同仁有限公司",
601911088,一次性使用密闭式吸痰管,长效型 2.7mm(8Fr),江苏立峰生物科技有限公司,
601911089,一次性使用密闭式吸痰管,长效型 2.0mm(6Fr),江苏立峰生物科技有限公司,
601911090,一次性使用密闭式吸痰管,长效型 4.7mm(14Fr),江苏立峰生物科技有限公司,
601911091,一次性使用密闭式吸痰管,长效型 4.0mm(12Fr),江苏立峰生物科技有限公司,
601911092,一次性使用密闭式吸痰管,长效型 3.3mm(10Fr),江苏立峰生物科技有限公司,
601911093,一次性使用密闭式吸痰管,长效型 5.3mm(16Fr),江苏立峰生物科技有限公司,
601001583,脑脊液分流管及附件,91503,"Medtronic, Inc. 美敦力公司",1320008
604071181,股骨柄,6021-0637,Howmedica Osteonics Corp. 美国史赛克豪美迪克骨科公司,CN0000000017700
604071442,膝关节组件,189122,Biomet Orthopedics 邦美骨科公司,C03420310703010075510000413
604065765,直管型覆膜支架及输送系统,HT1612-090-0000,上海微创心脉医疗科技(集团)股份有限公司,
604065804,直管型覆膜支架及输送系统,HT1814-080-0000,上海微创心脉医疗科技(集团)股份有限公司,
604065857,直管型覆膜支架及输送系统,HT2220-090-1500,上海微创心脉医疗科技(集团)股份有限公司,
604066151,直管型覆膜支架及输送系统,HT4240-080-2000,上海微创心脉医疗科技(集团)股份有限公司,
604047322,中心孔后房散光屈光型人工晶状体,VTICMO 12.1 -7.5D,STAAR Surigical AG,
604026490,脊柱内固定系统,55410007545,"Medtronic Sofamor Danek USA, Inc. 美敦力枢法模丹历股份有限公司",1292869
603900211,金刚砂车针,TC-26 5*1 MANI,"MANI,INC. マニー株式会社 马尼株式会社",
601911307,检查手套,普通型 M,徐州富山医疗制品有限公司,-
604043879,金属接骨板系统,30-0306,Acumed LLC 艾克曼有限公司,
604015342,髋部联合加压交锁髓内钉系统,71676602,"Smith & Nephew, Inc. 美国施乐辉有限公司",
604043840,金属接骨板系统,30-0267,Acumed LLC 艾克曼有限公司,
604074713,金属锁定接骨板系统,0815-0302-06,愛派司生技股份有限公司 爱派司生技股份有限公司,CN0000000024805
603918818,种植体附件,022.2755P,Institut Straumann AG. 士卓曼研究院股份公司,CN0000000023078
601903029,一次性使用延长管,2型 1500mm,上海富达医用塑料有限公司,
604070291,牙科种植系统,024.0001S,Institut Straumann AG. 士卓曼研究院股份公司,CN0000000023072
604031614,PTCA球囊导管,euca VI 30025,eucatech AG 医可科技股份有限公司,
604070625,金属锁定接骨板系统,100381713,山东威高骨科材料股份有限公司,CN0000000011833
604070662,金属锁定接骨板系统,100060719,山东威高骨科材料股份有限公司,CN0000000011985
604070768,金属锁定接骨板系统,100801704,山东威高骨科材料股份有限公司,CN0000000011520
604070774,金属锁定接骨板系统,100801710,山东威高骨科材料股份有限公司,CN0000000011520
604070828,脊柱后路内固定系统,800405535,山东威高骨科材料股份有限公司,CN0000000015339
604070918,脊柱后路内固定系统,800347025,山东威高骨科材料股份有限公司,CN0000000015335
604070931,脊柱后路内固定系统,800347545,山东威高骨科材料股份有限公司,CN0000000015335
604070800,颈椎前路钢板系统,700000152,山东威高骨科材料股份有限公司,CN0000000016012
602903389,脉动真空蒸汽灭菌器,HS-150,北京白象新技术有限公司,
601904226,一次性使用采血针,注式:Soft2 (28G) (稳豪50‘s),苏州施莱医疗器械有限公司,
601908237,医用检查手套,F840 无粉 L,Sri Trang Gloves (Thailand) Public Company Limited 诗董手套（泰国）公共有限公司,
601007124-0,一次性管型吻合器,PYGX-29,普瑞斯星（常州）医疗器械有限公司,CN0000000018912
604022932,导管鞘器械,PSI-7F-23-035,"MERIT MEDICAL SYSTEMS, INC. 美国麦瑞通医疗设备有限公司",
604020649,一次性使用冠状动脉球囊扩张导管,117-4018,"OrbusNeich Medical, B.V. 业聚医疗（荷兰）有限公司",
604071085,高交联聚乙烯内衬,1221-28-144,"DePuy Orthopaedics, Inc. 德培依（美国）骨科股份有限公司",C03440610703002090980000001
604023461,胸主动脉覆膜支架系统,VAMF4642C150TE,"Medtronic, Inc. 美敦力公司",
604023463,胸主动脉覆膜支架系统,VAMF4646C100TE,"Medtronic, Inc. 美敦力公司",
604071205,膝关节组件,141227,Biomet Orthopedics 邦美骨科公司,CN0000000013584
604071268,膝关节组件,183444,Biomet Orthopedics 邦美骨科公司,C03420310703011075510000257
604071306,膝关节组件,183564,Biomet Orthopedics 邦美骨科公司,CN0000000013584
604071321,膝关节组件,183602,Biomet Orthopedics 邦美骨科公司,C03420310703012075510000118
604071323,膝关节组件,183606,Biomet Orthopedics 邦美骨科公司,C03420310703012075510000134
601007774-0,医用几丁糖,标示质量浓度：15mg/ml 5ml,上海其胜生物制剂有限公司,
902000080,拉钩,20-1218,Lawton GmbH & Co.KG 劳顿有限公司,
604068118,金属锁定接骨板钉系统,SDLD01 2.7mm自攻锁定螺钉 10mm,常州市康辉医疗器械有限公司,
603913255,阴道拉钩 FXH180,31cm板式凹25×40,上海医疗器械（集团）有限公司手术器械厂,
601005450,一次性使用腔镜下切割吻合器及组件,切割吻合器 JFM,常州市康迪医用吻合器有限公司,
602903286,病人监护仪,BeneVision N1,深圳迈瑞生物医疗电子股份有限公司,
602903285,病人监护仪,ePM 10M,深圳迈瑞生物医疗电子股份有限公司,
604068382,金属锁定接骨板,YSL02 小T型锁定板-2 4孔,山东康盛医疗器械有限公司,
604068566,肠道支架,BP-241712,"韩国 SEWOON MEDICAL CO,.LTD",CN0000000006541
604068798,肠道支架,BP-181818,"韩国 SEWOON MEDICAL CO,.LTD",CN0000000006541
604069013,肠道支架,BP-281323,"韩国 SEWOON MEDICAL CO,.LTD",CN0000000006541
604023709,指引导管,LA5SCR35,"Medtronic, Inc. 美敦力公司",
604023834,指引导管,LA6EBU35A,"Medtronic, Inc. 美敦力公司",
604023969,指引导管,LA6JL35SHD,"Medtronic, Inc. 美敦力公司",
604024075,指引导管,LA6MRADIALT1,"Medtronic, Inc. 美敦力公司",
606000331,手动轮椅车,SKT-2,三贵康复器材（上海）有限公司,
604015530,髋臼系统,71339048,"Smith & Nephew, Inc. 美国施乐辉有限公司",
604015539,髋臼系统,71339066,"Smith & Nephew, Inc. 美国施乐辉有限公司",
604031360,PTCA球囊导管,euca VI 15017,eucatech AG 医可科技股份有限公司,
604031759,PTCA球囊导管,euca VI 40047,eucatech AG 医可科技股份有限公司,
604031650,PTCA球囊导管,euca VI 32520,eucatech AG 医可科技股份有限公司,
604031577,PTCA球囊导管,euca VI 27529,eucatech AG 医可科技股份有限公司,
604031522,PTCA球囊导管,euca VI 25015,eucatech AG 医可科技股份有限公司,
604031499,PTCA球囊导管,euca VI 22533,eucatech AG 医可科技股份有限公司,
604031484,PTCA球囊导管,euca VI 22518,eucatech AG 医可科技股份有限公司,
604031481,PTCA球囊导管,euca VI 22515,eucatech AG 医可科技股份有限公司,
604031459,PTCA球囊导管,euca VI 20034,eucatech AG 医可科技股份有限公司,
604031424,PTCA球囊导管,euca VI 17540,eucatech AG 医可科技股份有限公司,
604031405,PTCA球囊导管,euca VI 17521,eucatech AG 医可科技股份有限公司,
604031394,PTCA球囊导管,euca VI 17011,eucatech AG 医可科技股份有限公司,
604031384,PTCA球囊导管,euca VI 15041,eucatech AG 医可科技股份有限公司,
603910072,双头片铲 MR-S243-3,"弧形板式,<眼睑板>",苏州市协和医疗器械有限公司,
604028735,外周球囊扩张导管,SBI050200130,Invatec S.p.A. 意大利英泰克股份公司,
604069091,人工膝关节系统,860178,"DePuy Orthopaedics, Inc. 德培依（美国）骨科股份有限公司",CN0000000009144
604069208,膝关节翻修组件,129435325,"DePuy Orthopaedics, Inc. 德培依（美国）骨科股份有限公司",CN0000000010917
604069272,后稳定型股骨假体,1960-79-500,"DePuy Orthopaedics, Inc. 德培依（美国）骨科股份有限公司",C03420110701003090980000046
604014822,钛锁定接骨板系统,71865016,"Smith & Nephew, Inc. 美国施乐辉有限公司",
604035558,导引导管,SM7328,美国 Cordis Corporation 康蒂思公司,
604023667,指引导管,LA5MAC35,"Medtronic, Inc. 美敦力公司",
604023902,指引导管,LA6FR40SH,"Medtronic, Inc. 美敦力公司",
604023951,指引导管,LA6JCR35,"Medtronic, Inc. 美敦力公司",
604023980,指引导管,LA6JL40SHAD,"Medtronic, Inc. 美敦力公司",
604009913,肋骨内固定系统,04.501.010,Synthes GmbH 辛迪思有限公司,
603916206,电外科手术器械,E0020V,Covidien llc 柯惠有限责任公司,
604069867,金属锁定接骨板系统,1701-0101-03,愛派司生技股份有限公司 爱派司生技股份有限公司,CN0000000003021
604070009,人工晶状体,MX60 +33.0D,"Bausch & Lomb, Incorporated 美国博士伦限公司",CN0000000020241
601911002,一次性使用导尿管,A型5.3mm(16Fr),江苏省永宁医疗器械有限公司,
604071353,膝关节组件,183682,Biomet Orthopedics 邦美骨科公司,C03420310703012075510000125
604071360,膝关节组件,183700,Biomet Orthopedics 邦美骨科公司,C03430210702006075510000023
604071491,膝关节组件,189508,Biomet Orthopedics 邦美骨科公司,CN0000000013584
603918448,飞秒透镜镊,MR-G116T-4,苏州市协和医疗器械有限公司,
604064937,分叉型大动脉覆膜支架及输送系统,AB241216-07030100-201000,上海微创心脉医疗科技(集团)股份有限公司,
604064930,分叉型大动脉覆膜支架及输送系统,AB241212-0904030-200010,上海微创心脉医疗科技(集团)股份有限公司,
604064920,分叉型大动脉覆膜支架及输送系统,AB221416-0854030-200010,上海微创心脉医疗科技(集团)股份有限公司,
604064919,分叉型大动脉覆膜支架及输送系统,AB221416-0706030-200010,上海微创心脉医疗科技(集团)股份有限公司,
604064893,分叉型大动脉覆膜支架及输送系统,AB201414-0504030-200010,上海微创心脉医疗科技(集团)股份有限公司,
604065047,直管型覆膜支架及输送系统,HT2212-140-1500,上海微创心脉医疗科技(集团)股份有限公司,
604065082,直管型覆膜支架及输送系统,HT3026-160-2000,上海微创心脉医疗科技(集团)股份有限公司,
604065096,直管型覆膜支架及输送系统,HT3426-160-2000,上海微创心脉医疗科技(集团)股份有限公司,
604065098,直管型覆膜支架及输送系统,HT3430-160-2000,上海微创心脉医疗科技(集团)股份有限公司,
604065711,直管型覆膜支架及输送系统,HT1216-060-0000,上海微创心脉医疗科技(集团)股份有限公司,
604065726,直管型覆膜支架及输送系统,HT1222-090-0000,上海微创心脉医疗科技(集团)股份有限公司,
604065744,直管型覆膜支架及输送系统,HT1418-080-0000,上海微创心脉医疗科技(集团)股份有限公司,
604065753,直管型覆膜支架及输送系统,HT1422-090-0000,上海微创心脉医疗科技(集团)股份有限公司,
604065762,直管型覆膜支架及输送系统,HT1612-060-0000,上海微创心脉医疗科技(集团)股份有限公司,
604065844,直管型覆膜支架及输送系统,HT2018-080-1500,上海微创心脉医疗科技(集团)股份有限公司,
604065976,直管型覆膜支架及输送系统,HT3628-080-2000,上海微创心脉医疗科技(集团)股份有限公司,
604066038,直管型覆膜支架及输送系统,HT3836-080-1500,上海微创心脉医疗科技(集团)股份有限公司,
604066126,直管型覆膜支架及输送系统,HT4234-080-1500,上海微创心脉医疗科技(集团)股份有限公司,
604066145,直管型覆膜支架及输送系统,HT4238-090-2000,上海微创心脉医疗科技(集团)股份有限公司,
604066200,直管型覆膜支架及输送系统,HT4440-090-1500,上海微创心脉医疗科技(集团)股份有限公司,
604043136,人工晶状体(TORIC),SN6AT3.080,"Alcon Laboratories, Incorporated 美国爱尔康公司",
604043166,人工晶状体(TORIC),SN6AT3.230,"Alcon Laboratories, Incorporated 美国爱尔康公司",
604043214,人工晶状体(TORIC),SN6AT4.220,"Alcon Laboratories, Incorporated 美国爱尔康公司",
604043238,人工晶状体(TORIC),SN6AT5.090,"Alcon Laboratories, Incorporated 美国爱尔康公司",
604043316,人工晶状体(TORIC),SN6AT6.230,"Alcon Laboratories, Incorporated 美国爱尔康公司",
604043378,人工晶状体(TORIC),SN6AT7.290,"Alcon Laboratories, Incorporated 美国爱尔康公司",
604066215,直管型覆膜支架及输送系统,HT4444-080-2000,上海微创心脉医疗科技(集团)股份有限公司,
604066217,直管型覆膜支架及输送系统,HT4444-090-2000,上海微创心脉医疗科技(集团)股份有限公司,
604071765,金属骨针,GZZh01 Φ4.0*250mm 钛合金 灭菌,上海浦卫医疗器械厂有限公司,CN0000000007184
603918166,注吸器手柄,MR-O229T-1-19G,苏州市协和医疗器械有限公司,
604068509,肠道支架,BP-181112,"韩国 SEWOON MEDICAL CO,.LTD",CN0000000006541
604068635,肠道支架,BP-161814,"韩国 SEWOON MEDICAL CO,.LTD",CN0000000006541
604068694,肠道支架,BP-221614,"韩国 SEWOON MEDICAL CO,.LTD",CN0000000006541
604068824,肠道支架,BP-221118,"韩国 SEWOON MEDICAL CO,.LTD",CN0000000006541
604014615,钛锁定接骨板系统,71860116,"Smith & Nephew, Inc. 美国施乐辉有限公司",
604015015,钛锁定接骨板系统,71868170,"Smith & Nephew, Inc. 美国施乐辉有限公司",
604035475,导引导管,77805700,美国 Cordis Corporation 康蒂思公司,
604069641,髋关节假体,全髋臼 均匀粗糙面 58/22-72(内衬),北京市春立正达医疗器械股份有限公司,CN0000000005060
604023737,指引导管,LA6AL10SHA,"Medtronic, Inc. 美敦力公司",
604023678,指引导管,LA5MP1,"Medtronic, Inc. 美敦力公司",
709000621,金冠剪,直头 K21180 CR,上海医疗器械（集团）有限公司手术器械厂,
709000620,金冠剪,弯头 K21190 CR,上海医疗器械（集团）有限公司手术器械厂,
601911086,医用透气胶带,无纺布(带圈)型 7cm*7cm,海氏海诺倍适威医疗用品（青岛）有限公司,
604070597,金属锁定接骨板系统,100292703,山东威高骨科材料股份有限公司,CN0000000011943
604070633,金属锁定接骨板系统,100392704,山东威高骨科材料股份有限公司,CN0000000011833
604070648,金属锁定接骨板系统,100060703,山东威高骨科材料股份有限公司,CN0000000011985
604070765,金属锁定接骨板系统,100801701,山东威高骨科材料股份有限公司,CN0000000011520
604070811,脊柱后路内固定系统,800404045,山东威高骨科材料股份有限公司,CN0000000015339
604070843,脊柱后路内固定系统,800406530,山东威高骨科材料股份有限公司,CN0000000015339
604070866,脊柱后路内固定系统,800407555,山东威高骨科材料股份有限公司,CN0000000015339
604070875,脊柱后路内固定系统,800344035,山东威高骨科材料股份有限公司,CN0000000015335
604070890,脊柱后路内固定系统,800344555,山东威高骨科材料股份有限公司,CN0000000015335
604070896,脊柱后路内固定系统,800345050,山东威高骨科材料股份有限公司,CN0000000015335
604070913,脊柱后路内固定系统,800346535,山东威高骨科材料股份有限公司,CN0000000015335
604070923,脊柱后路内固定系统,800347050,山东威高骨科材料股份有限公司,CN0000000015335
604070804,颈椎前路钢板系统,700054014,山东威高骨科材料股份有限公司,CN0000000015932
601008623,一次性使用静脉留置针,YFII-B 26G*0.63IN(0.6*16),苏州林华医疗器械股份有限公司,236568
601008622,一次性使用静脉留置针,YFII-B 24G*0.75IN(0.7*19),苏州林华医疗器械股份有限公司,236567
604070969,金属锁定接骨板系统,100065910,山东威高骨科材料股份有限公司,CN0000000011985
602902250,婴儿辐射保暖台,HKN-93A,宁波戴维医疗器械股份有限公司,
602902251,婴儿辐射保暖台,HKN-93B,宁波戴维医疗器械股份有限公司,
602902252,婴儿辐射保暖台,HKN-93,宁波戴维医疗器械股份有限公司,
602902242,婴儿培养箱,YP-100A,宁波戴维医疗器械股份有限公司,
602902243,婴儿培养箱,YP-100AB(带光疗),宁波戴维医疗器械股份有限公司,
604007574,球囊扩张导管,ECL-20x5.5,Wilson-Cook Medical Incorporated 威尔逊-库克医学公司,
601911130,医用检查手套,光面无粉 大号L,上海生大医保股份有限公司,
603918438,根管充填器,KRCP9-11 (003-4214),上海康桥齿科医械厂,
603918439,根管充填器,KRCP11 1/2 (003-1913),上海康桥齿科医械厂,
604066823-0,骨填充网袋,GT-0320,山东冠龙医疗用品有限公司,CN0000000008177
601006349,一次性套管穿刺器(套管穿刺针),IV型 套装G,杭州康基医疗器械有限公司,
601007123-0,一次性管型吻合器,PYGX-26,普瑞斯星（常州）医疗器械有限公司,CN0000000018912
604035347,导引导管,67000800,美国 Cordis Corporation 康蒂思公司,115474
604068028,脊柱内固定系统,G5 K02 Φ6.4*36,常州市康辉医疗器械有限公司,
604068083,金属锁定接骨板钉系统,SDLD01 1.5mm自攻锁定螺钉 12mm,常州市康辉医疗器械有限公司,
603918147,硬质合金镶片持针钳 LC0120,25cm 细针(直头) 0.3,扬州灵涛医疗科技有限公司,
601910612,医用胶带,JD1002 A型 910cm*2.5cm,"Jiangxi 3L Medical Products Group (Cambodia) Co., Ltd. 江西3L医用制品集团股份柬埔寨有限公司",
604901618,导引导管,MODEL-6F GUIDE ART,Boston Scientific Corporation 波士顿科学公司,
603918236,耳刮匙 H6I020,16cm 直 圆头 φ1.5,上海医苑医疗器械有限公司,
604068490,肠道支架,BP-160912,"韩国 SEWOON MEDICAL CO,.LTD",CN0000000006541
604068753,肠道支架,BP-300714,"韩国 SEWOON MEDICAL CO,.LTD",CN0000000006541
604068841,肠道支架,BP-241118,"韩国 SEWOON MEDICAL CO,.LTD",CN0000000006541
604069362,高交联垫片,1581-20-112,"DePuy Orthopaedics, Inc. 德培依（美国）骨科股份有限公司",C03420310701010090980000003
604038269,颈动脉支架(单轨型)(商品名：Wallstent),H965SCH64714,Boston Scientific Corporation 波士顿科学公司,
601009911,医用高分子夹板,KS-3201,广州科莱瑞迪医疗器材股份有限公司,CN0000000018489
604009927,肋骨内固定系统,04.501.024.01,Synthes GmbH 辛迪思有限公司,
604069715,腹主动脉覆膜血管内支架系统,RLT281218,"W.L. Gore & Associates, Inc. 戈尔及同仁有限公司",CN0000000024343
602903360,医用氧气机,VE3,沈阳海龟医疗科技有限公司,
604034750,造影导管,451-449V0,美国 Cordis Corporation 康蒂思公司,
601004275,可吸收外科带针缝线,C1048029,B.Braun Surgical SA 贝朗医疗西班牙股份公司,
603918389,机用根管锉,"25mm 4支/板 (10/20,04/20,06/25,04/36) S3混装",成都市萨尼医疗器械有限公司,
604071740,金属骨针,GZZh01 Φ1.0*230mm 钛合金 灭菌,上海浦卫医疗器械厂有限公司,CN0000000007184
604043626,钛合金脑动脉瘤夹,FT180T,Aesculap AG 蛇牌股份有限公司,
604072211,输尿管支架,788814,"C.R. Bard,Inc. 巴德股份有限公司",CN0000000022645
604072244,冠状动脉球囊扩张导管,2.00mm*15mm,依奈德医疗技术(上海)有限公司 ,CN0000000022774
601004544,一次性使用双腔血液透析导管包,CS-15122-F,"Arrow International, Inc. 箭牌国际公司",
604040537,诊断用电生理导管,F5QA005CT,"Biosense Webster, Inc. 伯恩森斯韦伯斯特股份有限公司",
604072297,髋关节假体-股骨柄,1100-3235,北京爱康宜诚医疗器材有限公司,C03440210702010080230000102
601010273,一次性高频乳头切开刀,KD-V411M-0720,オリンパスメディカルシステムズ株式会社 奥林巴斯医疗株式会社,CN0000000010027
604037805,自扩张型支架系统,H74939259086030,Boston Scientific Limited 波士顿科学有限公司,
601908026,丝线编织非吸收性缝线,W501,强生（中国）医疗器材有限公司,
601904756,丝线编织非吸收性缝线,SA845G,强生（中国）医疗器材有限公司,
601904664,丝线编织非吸收性缝线,W329,强生（中国）医疗器材有限公司,
604009421,锁定接骨板,04.111.521,Synthes GmbH 辛迪思有限公司,
604009444,锁定接骨板,04.112.106,Synthes GmbH 辛迪思有限公司,
604009497,锁定接骨板,04.112.157S,Synthes GmbH 辛迪思有限公司,
603917068,组合式外固定支架,WGD-ZHX-Ⅱ-01φ8*280 (0106933189188174),常州市康辉医疗器械有限公司,
603917053,组合式外固定支架,WGD-ZHX-Ⅱ-01φ3*75 (0106933189188426),常州市康辉医疗器械有限公司,
603917241,组合式外固定支架,WGD-ZHX-Ⅱ-01 11*300,常州市康辉医疗器械有限公司,
604072344,锁定金属接骨板系统,锁定螺钉-SAZX-LLTDHAL02 φ2.4 *14,北京贝思达生物技术有限公司,CN0000000015693
604072916,脊柱后路内固定系统,179722740,Medos International SARL 迈道国际有限公司,CN00000000195894
604072918,脊柱后路内固定系统,179722750,Medos International SARL 迈道国际有限公司,CN00000000195894
604072948,胆道支架,BB-100408,"韩国 SEWOON MEDICAL CO,.LTD",CN0000000006543
604072957,胆道支架,BB-080612,"韩国 SEWOON MEDICAL CO,.LTD",CN0000000006543
604072977,胆道支架,BB-100518,"韩国 SEWOON MEDICAL CO,.LTD",CN0000000006543
601901094,一次性使用口腔器械盒,2型,上海生大医保股份有限公司,
601909444,一次性使用口腔器械盒,2型,上海生大医保股份有限公司,
601910094,一次性使用口腔器械盒,2型,上海生大医保股份有限公司,
603900391,牙用锉,A12MA02100812 (M-Access K-File 21mm 008),MAILLEFER INSTRUMENTS HOLDING S.A.R.L. 迈菲牙科器械控股公司,
604073026,锁定金属接骨板系统,AZX-LL ABLS514 6*16*120*16*2.4 左,北京贝思达生物技术有限公司,CN0000000016262
604073032,锁定金属接骨板系统,AZX-LL ABLS615 5*16*101*17*2.4,北京贝思达生物技术有限公司,CN0000000016262
604073082,锁定金属接骨板系统,AZX-LL ABLS114 8*13*168*10.5*3.0 右,北京贝思达生物技术有限公司,CN0000000016262
604073108,锁定金属接骨板系统,AZX-LL ABLS264 10*12*161*10*2.4 右,北京贝思达生物技术有限公司,CN0000000016262
604901622,导引导管,MODEL-6F GUIDE KIMNY,Boston Scientific Corporation 波士顿科学公司,
604901661,导引导管,MODEL-8F MACH MP,Boston Scientific Corporation 波士顿科学公司,
604031074,疝气补片,IP072030F1,FEG Textiltechnik Forschungs- und Entwicklungsgesellschaft mbH. 德迈纺织技术研究开发有限责任公司,
604069052,人工膝关节组件,1294-53-236,"DePuy Orthopaedics, Inc. 德培依（美国）骨科股份有限公司",CN0000000008537
604069134,人工膝关节系统,960092,"DePuy Orthopaedics, Inc. 德培依（美国）骨科股份有限公司",CN0000000009165
604069403,高交联垫片,1581-25-122,"DePuy Orthopaedics, Inc. 德培依（美国）骨科股份有限公司",C03420310701010090980000044
603918262,腋臭刮 SDP60021,21cm 双头,上海申丁实业有限公司,
604036210,输尿管支架,USI-500-R,Cook Ireland Limited 库克爱尔兰有限公司,
604069595,髋关节假体,股骨柄 微槽面 155/13,北京市春立正达医疗器械股份有限公司,CN0000000016983
604024042,指引导管,LA6MAC40,"Medtronic, Inc. 美敦力公司",
604023835,指引导管,LA6EBU35D,"Medtronic, Inc. 美敦力公司",
604023876,指引导管,LA6ELGAMALSH,"Medtronic, Inc. 美敦力公司",
604024116,指引导管,LA6SAL15,"Medtronic, Inc. 美敦力公司",
604024246,指引导管,LA7DC30SH,"Medtronic, Inc. 美敦力公司",
604024286,指引导管,LA7EBU50,"Medtronic, Inc. 美敦力公司",
604024344,指引导管,LA7JCR40SH,"Medtronic, Inc. 美敦力公司",
604024549,指引导管,LA8AL40,"Medtronic, Inc. 美敦力公司",
604024680,指引导管,LA8IMASH,"Medtronic, Inc. 美敦力公司",
604024683,指引导管,LA8IMASHJ,"Medtronic, Inc. 美敦力公司",
604024704,指引导管,LA8JCR45SH,"Medtronic, Inc. 美敦力公司",
601010154,引流袋,BY-NXY83002F 豪华型2000ml,常熟市博洋医疗器械有限公司,CN0000000008890
601010155,引流袋,BY-NXY83002A 豪华型2000ml,常熟市博洋医疗器械有限公司,CN0000000008890
601003384,可吸收缝合线,VLOCL0525,Covidien llc 柯惠有限责任公司,
604022920,导管鞘器械,PSI-4F-11-018,"MERIT MEDICAL SYSTEMS, INC. 美国麦瑞通医疗设备有限公司",
604020611,一次性使用冠状动脉球囊扩张导管,117-2210,"OrbusNeich Medical, B.V. 业聚医疗（荷兰）有限公司",
604020635,一次性使用冠状动脉球囊扩张导管,117-3508,"OrbusNeich Medical, B.V. 业聚医疗（荷兰）有限公司",
604071064,脊柱内固定器 钉棒系统,V型(RSS I型) 多轴螺钉 4.0*15mm(钛合金),上海三友医疗器械股份有限公司,CN0000000011815
604071081,高交联聚乙烯内衬,1221-28-048,"DePuy Orthopaedics, Inc. 德培依（美国）骨科股份有限公司",CN0000000009227
604071091,高交联聚乙烯内衬,1221-32-052,"DePuy Orthopaedics, Inc. 德培依（美国）骨科股份有限公司",CN0000000009227
601002938,中心静脉导管套件,8888145014,Covidien llc 柯惠有限责任公司,
601002939,中心静脉导管套件,8888145015,Covidien llc 柯惠有限责任公司,
601002940,中心静脉导管套件,8888145016,Covidien llc 柯惠有限责任公司,
601002942,中心静脉导管套件,8888145059,Covidien llc 柯惠有限责任公司,
601009614,中心静脉导管套件,8888145017,Covidien llc 柯惠有限责任公司,
604023433,胸主动脉覆膜支架系统,VAMF3434C100TE,"Medtronic, Inc. 美敦力公司",
601906228,一次性使用血液收集装置 吸引管路,/,北京京精医疗设备有限公司,
601908404,压力延长管,PM6112,"MERIT MEDICAL SYSTEMS, INC. 美国麦瑞通医疗设备有限公司",
604014797,钛锁定接骨板系统,71864026,"Smith & Nephew, Inc. 美国施乐辉有限公司",
604014817,钛锁定接骨板系统,71864105,"Smith & Nephew, Inc. 美国施乐辉有限公司",
604014847,钛锁定接骨板系统,71865105,"Smith & Nephew, Inc. 美国施乐辉有限公司",
604035405,导引导管,67012200,美国 Cordis Corporation 康蒂思公司,
604035480,导引导管,77806300,美国 Cordis Corporation 康蒂思公司,
604070379,人工牙种植体,021.7308G,Institut Straumann AG. 士卓曼研究院股份公司,CN0000000021165
604070385,人工牙种植体,021.7316,Institut Straumann AG. 士卓曼研究院股份公司,CN0000000021165
604070406,人工牙种植体,033.505S,Institut Straumann AG. 士卓曼研究院股份公司,CN0000000021165
604070296,牙科种植系统,024.2222S,Institut Straumann AG. 士卓曼研究院股份公司,CN0000000023072
604070304,牙科种植系统,024.4222S,Institut Straumann AG. 士卓曼研究院股份公司,CN0000000023072
601911039,医用冰袋,RD-CB-II-250,盐城大丰茸典冰袋有限公司,
604011953,空心螺钉,04.226.656,Synthes GmbH 辛迪思有限公司,
604010378,髓内钉系统,04.004.001,Synthes GmbH 辛迪思有限公司,
604010586,髓内钉系统,04.005.640,Synthes GmbH 辛迪思有限公司,
604010662,髓内钉系统,04.024.446S,Synthes GmbH 辛迪思有限公司,
606000326,手动轮椅车,MOCC-43JL DX,三贵康复器材（上海）有限公司,
601903418,医用橡胶检查手套,光面有粉 8.5(大号L),苏州嘉乐威新材料股份有限公司,
604070734,金属锁定接骨板系统,100042708,山东威高骨科材料股份有限公司,CN0000000011529
604070747,金属锁定接骨板系统,100042724,山东威高骨科材料股份有限公司,CN0000000011529
604070863,脊柱后路内固定系统,800407540,山东威高骨科材料股份有限公司,CN0000000015339
604070914,脊柱后路内固定系统,800346540,山东威高骨科材料股份有限公司,CN0000000015335
603918430,起子 T1E120,杆 十字形 对径0.5 宽2,上海医疗器械（集团）有限公司手术器械厂,
603918431,起子 T1E190,杆 四方形 宽1.2,上海医疗器械（集团）有限公司手术器械厂,
603918432,起子 T1E200,杆 四方形 宽1.5,上海医疗器械（集团）有限公司手术器械厂,
601010182,一次性使用黏膜切开刀,KD-655Q,オリンパスメディカルシステムズ株式会社 奥林巴斯医疗株式会社,CN0000000022514
604071881,外周血管球囊扩张导管,1014256-100,Abbott Vascular 雅培心血管,CN0000000019648
604036834,硬膜补片,80-1475,"Codman & Shurtleff, Inc. 康民舒股份有限公司",1321204
604036833,硬膜补片,80-1472,"Codman & Shurtleff, Inc. 康民舒股份有限公司",1321203
604073043,锁定金属接骨板系统,AZX-LL ABLS714 7*13*96*11*3.0,北京贝思达生物技术有限公司,CN0000000016263
601908280,多功能机械通气面罩,ZS-MZ-A型,上海中山医疗科技发展有限公司,
604036315,生物疝修补片,C-SLH-8H-20*30,Cook Biotech Incorporated 库克生物技术公司,
601910622,一次性使用灌肠包,I型 1000ml (肛门管 8.00mm(F24)),苏州伟康医疗器械有限公司,
604007552,胆道扩张导管,SBDC-10,Wilson-Cook Medical Incorporated 威尔逊-库克医学公司,118962
603917993,牙科种植体附件,22435,DENTSPLY Implants Manufacturing GmbH 登士柏种植体制造公司,
604038586,血管自扩张支架系统,H74939200065020,Boston Scientific Corporation 波士顿科学公司,
604038596,血管自扩张支架系统,H74939200071220,Boston Scientific Corporation 波士顿科学公司,
604038609,血管自扩张支架系统,H74939200077070,Boston Scientific Corporation 波士顿科学公司,
604038622,血管自扩张支架系统,H74939200085020,Boston Scientific Corporation 波士顿科学公司,
604038658,血管自扩张支架系统,H74939200107020,Boston Scientific Corporation 波士顿科学公司,
604014721,钛锁定接骨板系统,71862422,"Smith & Nephew, Inc. 美国施乐辉有限公司",
604035310,导引导管,588848,美国 Cordis Corporation 康蒂思公司,
604035450,导引导管,77800900,美国 Cordis Corporation 康蒂思公司,
604035556,导引导管,6702780L,美国 Cordis Corporation 康蒂思公司,
604008346,腹主动脉覆膜血管内支架系统,RMT231416,"W.L. Gore & Associates, Inc. 戈尔及同仁有限公司",
604024772,指引导管,LA8MAC50,"Medtronic, Inc. 美敦力公司",
604024808,指引导管,LA8RCBD,"Medtronic, Inc. 美敦力公司",
601909142,医用检查手套,P680 有粉 L,Sri Trang Gloves (Thailand) Public Company Limited 诗董手套（泰国）公共有限公司,
604064876,分叉型覆膜支架及输送系统,HBL1818-70,上海微创心脉医疗科技(集团)股份有限公司,
604064794,分叉型覆膜支架及输送系统,HBL1414-50,上海微创心脉医疗科技(集团)股份有限公司,
604065673,分叉型覆膜支架及输送系统,HBB3018-130-2000,上海微创心脉医疗科技(集团)股份有限公司,
604065628,分叉型覆膜支架及输送系统,HBB2216-130-1500,上海微创心脉医疗科技(集团)股份有限公司,
606000063,医用放大镜,EJ-Ⅱ,上海跃进医用光学器械厂,
604069880,金属锁定接骨板系统,1701-0101-16,愛派司生技股份有限公司 爱派司生技股份有限公司,CN0000000003021
604065015,冠脉雷帕霉素靶向洗脱支架系统,RV3026,上海微创医疗器械（集团）有限公司,
604065013,冠脉雷帕霉素靶向洗脱支架系统,RV3021,上海微创医疗器械（集团）有限公司,
606001190,脉搏血氧仪,A3,深圳市和心重典医疗设备有限公司,
604053034,房间隔穿刺系统,94060603,湖南埃普特医疗器械有限公司,
604071351,膝关节组件,183674,Biomet Orthopedics 邦美骨科公司,CN0000000013584
604071364,膝关节组件,183708,Biomet Orthopedics 邦美骨科公司,C03430210702006075510000012
604071384,膝关节组件,183760,Biomet Orthopedics 邦美骨科公司,C03430210702006075510000009
604071399,膝关节组件,183794,Biomet Orthopedics 邦美骨科公司,CN0000000013584
604071471,膝关节组件,189320,Biomet Orthopedics 邦美骨科公司,CN0000000013584
604033024,锁定金属接骨板系统,131217002,Biomet Trauma 邦美创伤公司,
604064979,分叉型大动脉覆膜支架及输送系统,AB341616-0704030-200010,上海微创心脉医疗科技(集团)股份有限公司,
604064961,分叉型大动脉覆膜支架及输送系统,AB261616-0904030-200010,上海微创心脉医疗科技(集团)股份有限公司,
604064933,分叉型大动脉覆膜支架及输送系统,AB241212-1108080-200000,上海微创心脉医疗科技(集团)股份有限公司,
604065081,直管型覆膜支架及输送系统,HT3024-160-2000,上海微创心脉医疗科技(集团)股份有限公司,
604065728,直管型覆膜支架及输送系统,HT1224-070-0000,上海微创心脉医疗科技(集团)股份有限公司,
604065731,直管型覆膜支架及输送系统,HT1412-060-0000,上海微创心脉医疗科技(集团)股份有限公司,
604065781,直管型覆膜支架及输送系统,HT1620-090-0000,上海微创心脉医疗科技(集团)股份有限公司,
604065820,直管型覆膜支架及输送系统,HT1822-080-0000,上海微创心脉医疗科技(集团)股份有限公司,
604065958,直管型覆膜支架及输送系统,HT3430-060-2000,上海微创心脉医疗科技(集团)股份有限公司,
604066015,直管型覆膜支架及输送系统,HT3830-080-2000,上海微创心脉医疗科技(集团)股份有限公司,
604066027,直管型覆膜支架及输送系统,HT3834-060-2000,上海微创心脉医疗科技(集团)股份有限公司,
604066065,直管型覆膜支架及输送系统,HT4030-090-2000,上海微创心脉医疗科技(集团)股份有限公司,
604066082,直管型覆膜支架及输送系统,HT4036-060-1500,上海微创心脉医疗科技(集团)股份有限公司,
604066100,直管型覆膜支架及输送系统,HT4040-070-1500,上海微创心脉医疗科技(集团)股份有限公司,
604066121,直管型覆膜支架及输送系统,HT4232-090-2000,上海微创心脉医疗科技(集团)股份有限公司,
601000608,冠状动脉分流栓,FT-12200,"Synovis Surgical Innovations, a Division of Synovis Life Technologies, Inc.（A Subsidiary of Baxter International Inc.） 索诺思生命科技有限公司（百特国际有限公司子公司）旗下索诺思外科创新业务部",
604068365,金属锁定接骨螺钉,HAQ03 1.5*16,山东康盛医疗器械有限公司,
604068965,肠道支架,BP-221623,"韩国 SEWOON MEDICAL CO,.LTD",CN0000000006541
603918297,医用剪 SDS10084,绞型柄 10cm 弯尖头,上海申丁实业有限公司,
604901240,金属骨针,GZZh01YB 克氏针 1.0*120mm,上海浦东金环医疗用品股份有限公司,W03090003
604007960,髋关节假体-双极头,107-210/42,Waldemar Link GmbH & Co. KG 沃尔德马林克有限两合公司,C03460110701001003490000001
603903338,子宫敷料钳 FXP010,25cm双弯,上海医疗器械（集团）有限公司手术器械厂,
604022924,导管鞘器械,PSI-5F-11-025,"MERIT MEDICAL SYSTEMS, INC. 美国麦瑞通医疗设备有限公司",
604033735,半月板修复系统,228140,DePuy Mitek 德培依运动医学股份有限公司,
604033737,半月板修复系统,228142,DePuy Mitek 德培依运动医学股份有限公司,
604033738,半月板修复系统,228143,DePuy Mitek 德培依运动医学股份有限公司,
604033739,半月板修复系统,228144,DePuy Mitek 德培依运动医学股份有限公司,
604071202,膝关节组件,141224,Biomet Orthopedics 邦美骨科公司,CN0000000013584
604071370,膝关节组件,183724,Biomet Orthopedics 邦美骨科公司,C03430210702006075510000007
604065115,直管型覆膜支架及输送系统,HT4034-160-2000,上海微创心脉医疗科技(集团)股份有限公司,
604065750,直管型覆膜支架及输送系统,HT1422-060-0000,上海微创心脉医疗科技(集团)股份有限公司,
604065860,直管型覆膜支架及输送系统,HT2222-080-1500,上海微创心脉医疗科技(集团)股份有限公司,
604065876,直管型覆膜支架及输送系统,HT2622-080-1500,上海微创心脉医疗科技(集团)股份有限公司,
604065905,直管型覆膜支架及输送系统,HT3022-090-2000,上海微创心脉医疗科技(集团)股份有限公司,
604066033,直管型覆膜支架及输送系统,HT3834-090-2000,上海微创心脉医疗科技(集团)股份有限公司,
604043396,人工晶状体(TORIC),SN6AT8.130,"Alcon Laboratories, Incorporated 美国爱尔康公司",
604045891,中心孔后房散光屈光型人工晶状体,VTICMO 13.2,STAAR Surigical AG,
604072439,髋关节假体 陶瓷内衬,A2400-36/46,北京爱康宜诚医疗器材有限公司,C03440610706001080230000014
604072749,PTA球囊扩张导管,U81502H8,"Bard Peripheral Vascular, Inc. 巴德外周血管股份有限公司",CN0000000005317
604072911,PTA球囊扩张导管,U813096,"Bard Peripheral Vascular, Inc. 巴德外周血管股份有限公司",CN0000000005317
604047243,中心孔后房屈光型人工晶状体,VICMO 13.2 -6.5D,STAAR Surigical AG,
604047267,中心孔后房屈光型人工晶状体,VICMO 13.7 -0.5D,STAAR Surigical AG,
604047372,中心孔后房散光屈光型人工晶状体,VTICMO 12.6 -14.5D,STAAR Surigical AG,
604038665,血管自扩张支架系统,H74939200124070,Boston Scientific Corporation 波士顿科学公司,
601911233,根管锉,(MANI K-FILES) 21M/M #06 6*1,"MANI,INC. マニー株式会社 马尼株式会社",
601911252,金刚砂车针,TF-11EF 5*1 MANI,"MANI,INC. マニー株式会社 马尼株式会社",
604026264,脊柱内固定系统,5442031,"Medtronic Sofamor Danek USA, Inc. 美敦力枢法模丹历股份有限公司",1292950
604026273,脊柱内固定系统,5442147,"Medtronic Sofamor Danek USA, Inc. 美敦力枢法模丹历股份有限公司",
604026284,脊柱内固定系统,1555000500,"Medtronic Sofamor Danek USA, Inc. 美敦力枢法模丹历股份有限公司",1292812
604026285,脊柱内固定系统,1556000500,"Medtronic Sofamor Danek USA, Inc. 美敦力枢法模丹历股份有限公司",
604026295,脊柱内固定系统,54410004550,"Medtronic Sofamor Danek USA, Inc. 美敦力枢法模丹历股份有限公司",
604026298,脊柱内固定系统,54410004565,"Medtronic Sofamor Danek USA, Inc. 美敦力枢法模丹历股份有限公司",
604026320,脊柱内固定系统,54410006535,"Medtronic Sofamor Danek USA, Inc. 美敦力枢法模丹历股份有限公司",
604026330,脊柱内固定系统,54410007500,"Medtronic Sofamor Danek USA, Inc. 美敦力枢法模丹历股份有限公司",
604026335,脊柱内固定系统,54410007545,"Medtronic Sofamor Danek USA, Inc. 美敦力枢法模丹历股份有限公司",
604026370,脊柱内固定系统,54840005525,"Medtronic Sofamor Danek USA, Inc. 美敦力枢法模丹历股份有限公司",1292968
604026393,脊柱内固定系统,54840006570,"Medtronic Sofamor Danek USA, Inc. 美敦力枢法模丹历股份有限公司",
604026404,脊柱内固定系统,54840007550,"Medtronic Sofamor Danek USA, Inc. 美敦力枢法模丹历股份有限公司",
604026417,脊柱内固定系统,54890005525,"Medtronic Sofamor Danek USA, Inc. 美敦力枢法模丹历股份有限公司",
604026418,脊柱内固定系统,54890005530,"Medtronic Sofamor Danek USA, Inc. 美敦力枢法模丹历股份有限公司",
604026426,脊柱内固定系统,54890006545,"Medtronic Sofamor Danek USA, Inc. 美敦力枢法模丹历股份有限公司",
604026449,脊柱内固定系统,55410005520,"Medtronic Sofamor Danek USA, Inc. 美敦力枢法模丹历股份有限公司",1292828
604026459,脊柱内固定系统,55410005570,"Medtronic Sofamor Danek USA, Inc. 美敦力枢法模丹历股份有限公司",1292838
604026460,脊柱内固定系统,55410005575,"Medtronic Sofamor Danek USA, Inc. 美敦力枢法模丹历股份有限公司",1292839
604026465,脊柱内固定系统,55410006515,"Medtronic Sofamor Danek USA, Inc. 美敦力枢法模丹历股份有限公司",1292844
604026509,脊柱内固定系统,55840004060,"Medtronic Sofamor Danek USA, Inc. 美敦力枢法模丹历股份有限公司",
604026511,脊柱内固定系统,55840004070,"Medtronic Sofamor Danek USA, Inc. 美敦力枢法模丹历股份有限公司",
604026524,脊柱内固定系统,55840004565,"Medtronic Sofamor Danek USA, Inc. 美敦力枢法模丹历股份有限公司",
604026553,脊柱内固定系统,55840006535,"Medtronic Sofamor Danek USA, Inc. 美敦力枢法模丹历股份有限公司",1292790
604026558,脊柱内固定系统,55840006560,"Medtronic Sofamor Danek USA, Inc. 美敦力枢法模丹历股份有限公司",1292795
604026605,脊柱内固定系统,55890005545,"Medtronic Sofamor Danek USA, Inc. 美敦力枢法模丹历股份有限公司",1292901
604068003,植入式脑深部电刺激延伸导线套件,E202-59,北京品驰医疗设备有限公司,
606001167,红外耳式体温计,TH859S,昆山热映光电有限公司,
601900241,光固化复合树脂,Z350XT(7018A3.5B),3M ESPE Dental Products 3M美国口腔护理修复产品公司,
601910762,医用护目镜,EP01,桂林市锐锋医疗器械有限公司,
604068443,机械扩张鞘,LR-EVN-13.0,Cook Incorporated 库克公司,CN0000000017606
604068608,肠道支架,BP-300812,"韩国 SEWOON MEDICAL CO,.LTD",CN0000000006541
604068852,肠道支架,BP-260518,"韩国 SEWOON MEDICAL CO,.LTD",CN0000000006541
604068966,肠道支架,BP-221723,"韩国 SEWOON MEDICAL CO,.LTD",CN0000000006541
601009165,一次性使用硅胶球囊导尿管,FC26210DT,浙江优特格尔医疗用品有限公司,
604070419,人工牙种植体,033.532S,Institut Straumann AG. 士卓曼研究院股份公司,CN0000000021165
604070425,人工牙种植体,033.561G,Institut Straumann AG. 士卓曼研究院股份公司,CN0000000021165
604070222,牙科种植体,033.653S,Institut Straumann AG. 士卓曼研究院股份公司,CN0000000017338
604070264,牙科种植系统,021.2610,Institut Straumann AG. 士卓曼研究院股份公司,CN0000000023054
604070123,无头加压空心螺钉,30-0635,Acumed LLC 艾克曼有限公司,CN0000000019598
604043176,人工晶状体(TORIC),SN6AT3.280,"Alcon Laboratories, Incorporated 美国爱尔康公司",
604043194,人工晶状体(TORIC),SN6AT4.120,"Alcon Laboratories, Incorporated 美国爱尔康公司",
604043212,人工晶状体(TORIC),SN6AT4.210,"Alcon Laboratories, Incorporated 美国爱尔康公司",
604043240,人工晶状体(TORIC),SN6AT5.100,"Alcon Laboratories, Incorporated 美国爱尔康公司",
604043244,人工晶状体(TORIC),SN6AT5.120,"Alcon Laboratories, Incorporated 美国爱尔康公司",
604043246,人工晶状体(TORIC),SN6AT5.130,"Alcon Laboratories, Incorporated 美国爱尔康公司",
604043281,人工晶状体(TORIC),SN6AT6,"Alcon Laboratories, Incorporated 美国爱尔康公司",
604043313,人工晶状体(TORIC),SN6AT6.215,"Alcon Laboratories, Incorporated 美国爱尔康公司",
604043329,人工晶状体(TORIC),SN6AT6.295,"Alcon Laboratories, Incorporated 美国爱尔康公司",
604043367,人工晶状体(TORIC),SN6AT7.235,"Alcon Laboratories, Incorporated 美国爱尔康公司",
604043371,人工晶状体(TORIC),SN6AT7.255,"Alcon Laboratories, Incorporated 美国爱尔康公司",
604043393,人工晶状体(TORIC),SN6AT8.115,"Alcon Laboratories, Incorporated 美国爱尔康公司",
604043412,人工晶状体(TORIC),SN6AT8.210,"Alcon Laboratories, Incorporated 美国爱尔康公司",
604043417,人工晶状体(TORIC),SN6AT8.235,"Alcon Laboratories, Incorporated 美国爱尔康公司",
604043423,人工晶状体(TORIC),SN6AT8.265,"Alcon Laboratories, Incorporated 美国爱尔康公司",
604043434,人工晶状体(TORIC),SN6AT9.070,"Alcon Laboratories, Incorporated 美国爱尔康公司",
604043445,人工晶状体(TORIC),SN6AT9.125,"Alcon Laboratories, Incorporated 美国爱尔康公司",
604043452,人工晶状体(TORIC),SN6AT9.160,"Alcon Laboratories, Incorporated 美国爱尔康公司",
604071736,金属骨针,GZZh01 Φ0.8*65mm 钛合金 灭菌,上海浦卫医疗器械厂有限公司,CN0000000007184
604058564,脊柱后路内固定系统,800346535,山东威高骨科材料股份有限公司,
604072011,动脉瘤夹,17-001-76,日本 ミズホ株式会社 瑞穗株式会社,CN0000000018600
604043632,钛合金脑动脉瘤夹,FT210T,Aesculap AG 蛇牌股份有限公司,
604043653,钛合金脑动脉瘤夹,FT254T,Aesculap AG 蛇牌股份有限公司,
604043756,钛合金脑动脉瘤夹,FT806T,Aesculap AG 蛇牌股份有限公司,
604043766,钛合金脑动脉瘤夹,FT832T,Aesculap AG 蛇牌股份有限公司,
604041974,人造血管,VLT4046C,"Bard Peripheral Vascular, Inc. 巴德外周血管股份有限公司",
604072788,PTA球囊扩张导管,U8130315,"Bard Peripheral Vascular, Inc. 巴德外周血管股份有限公司",CN0000000005317
604072884,PTA球囊扩张导管,U813064,"Bard Peripheral Vascular, Inc. 巴德外周血管股份有限公司",CN0000000005317
604047283,中心孔后房屈光型人工晶状体,VICMO 13.7 -6.0D,STAAR Surigical AG,
604047364,中心孔后房散光屈光型人工晶状体,VTICMO 12.6 -10.5D,STAAR Surigical AG,
604047319,中心孔后房散光屈光型人工晶状体,VTICMO 12.1 -6.0D,STAAR Surigical AG,
601010266,一次性导丝,G-240-2545S,オリンパスメディカルシステムズ株式会社 奥林巴斯医疗株式会社,CN0000000002197
601009412-C31000405,一次性使用无菌梅花头导尿引流管,22Fr,湛江市事达实业有限公司,
604037789,自扩张型支架系统,H74939259074030,Boston Scientific Limited 波士顿科学有限公司,
601910562,一次性使用无菌手术包,N11E-90120K E-9(膝关节专用),振德医疗用品股份有限公司,
604068409,腹主动脉瘤支架系统,IL1310,Cordis Cashel 康蒂思（爱尔兰）,CN0000000006919
604068506,肠道支架,BP-180812,"韩国 SEWOON MEDICAL CO,.LTD",CN0000000006541
604068545,肠道支架,BP-221312,"韩国 SEWOON MEDICAL CO,.LTD",CN0000000006541
604068599,肠道支架,BP-281612,"韩国 SEWOON MEDICAL CO,.LTD",CN0000000006541
604068636,肠道支架,BP-161914,"韩国 SEWOON MEDICAL CO,.LTD",CN0000000006541
604068971,肠道支架,BP-240523,"韩国 SEWOON MEDICAL CO,.LTD",CN0000000006541
604069024,肠道支架,BP-300723,"韩国 SEWOON MEDICAL CO,.LTD",CN0000000006541
601909420,一次性使用动静脉穿刺针,1.6(16G) (16G*25cm双转 穿刺针),大连JMS医疗器具有限公司,
604014611,钛锁定接骨板系统,71860106,"Smith & Nephew, Inc. 美国施乐辉有限公司",
604014743,钛锁定接骨板系统,71863010,"Smith & Nephew, Inc. 美国施乐辉有限公司",
604014840,钛锁定接骨板系统,71865070,"Smith & Nephew, Inc. 美国施乐辉有限公司",
604014912,钛锁定接骨板系统,71866034,"Smith & Nephew, Inc. 美国施乐辉有限公司",
604035476,导引导管,77805800,美国 Cordis Corporation 康蒂思公司,
604002975,接骨钢板螺钉系统-直型锁定钢板,00-4936-008-07,"Zimmer, Inc. 美国捷迈公司",
604003028,接骨钢板螺钉系统-直型锁定钢板,47-4936-018-13,"Zimmer, Inc. 美国捷迈公司",
604036227,输尿管支架,USI-526CE,Cook Ireland Limited 库克爱尔兰有限公司,1240511
601010213,一次性使用异物钳,MTN-GF-16/23-3-C-0,南微医学科技股份有限公司,C01022800800003049370000346
601010220,一次性使用异物钳,MTN-GF-16/10-3-C-1,南微医学科技股份有限公司,C01022800800003049370000059
604026629,脊柱内固定系统,55890007515,"Medtronic Sofamor Danek USA, Inc. 美敦力枢法模丹历股份有限公司",1292925
604026630,脊柱内固定系统,55890007520,"Medtronic Sofamor Danek USA, Inc. 美敦力枢法模丹历股份有限公司",1292926
603912239,分离结扎钳 JC8600,28cm弯65×23全齿WD,上海医疗器械（集团）有限公司手术器械厂,
603903759,小血管剪 JA2407,11.5cm弯尖 金圈,上海医疗器械（集团）有限公司手术器械厂,
604073210,锁定金属接骨板系统,AZX-LL ABLS663 15*10*70.5*7.5*1.6 跟骨锁定骨板 右,北京贝思达生物技术有限公司,CN0000000016262
604073223,锁定金属接骨板系统,AZX-LL ABLS280 7*20*184*16*4.0 左,北京贝思达生物技术有限公司,CN0000000016263
604073231,锁定金属接骨板系统,AZX-LL ABLS280 11*20*264*16*4.0 右,北京贝思达生物技术有限公司,CN0000000016263
604073256,锁定金属接骨板系统,AZX-LL ABLS044 9*13*169*12*3.8,北京贝思达生物技术有限公司,CN0000000016263
604073271,锁定金属接骨板系统,AZX-LL ABLS024 9*13*136*11*2.6 左,北京贝思达生物技术有限公司,CN0000000016263
604073272,锁定金属接骨板系统,AZX-LL ABLS029 14*13*201*11*2.6 左,北京贝思达生物技术有限公司,CN0000000016263
604073288,锁定金属接骨板系统,AZX-LL ABLS124 4*13*111*11*3.0 右,北京贝思达生物技术有限公司,CN0000000016263
604073311,锁定金属接骨板系统,AZX-LL ABLS315 11*18*194*17*4.0 左,北京贝思达生物技术有限公司,CN0000000016262
604073319,锁定金属接骨板系统,AZX-LL ABLS613 4*10*52*8*1.4,北京贝思达生物技术有限公司,CN0000000016262
604073334,锁定金属接骨板系统,AZX-LL ABLS423 4*10*79*9*2.4 右,北京贝思达生物技术有限公司,CN0000000016262
604073346,锁定金属接骨板系统,AZX-LL ABLS503 3*9*43*6.0*1.6 桡骨远端加压锁定骨板(L3-20°),北京贝思达生物技术有限公司,CN0000000016262
604073378,锁定金属接骨板系统,AZX-LL ABLS613 3*8*40.5*7.5*2.2 左,北京贝思达生物技术有限公司,CN0000000016262
604073405,锁定金属接骨板系统,AZX-LL ABLS951 12*6*70.5*4.5*0.8,北京贝思达生物技术有限公司,CN0000000016262
604073406,锁定金属接骨板系统,AZX-LL ABLS951 16*6*94.5*4.5*0.8,北京贝思达生物技术有限公司,CN0000000016262
604073416,锁定金属接骨板系统,AZX-LL ABLS652 8*6*25.2*4.5*0.8,北京贝思达生物技术有限公司,CN0000000016262
604073419,锁定金属接骨板系统,AZX-LL ABLS651 6*5.5*27*4.5*0.8 左,北京贝思达生物技术有限公司,CN0000000016262
604073422,锁定金属接骨板系统,AZX-LL ABLS651 7*5.5*26.5*4.5*0.8,北京贝思达生物技术有限公司,CN0000000016262
604073426,锁定金属接骨板系统,AZX-LL ABLS652 6*6*32.4*4.5*0.8 左,北京贝思达生物技术有限公司,CN0000000016262
604073427,锁定金属接骨板系统,AZX-LL ABLS652 4*6*20.4*4.5*0.8 右,北京贝思达生物技术有限公司,CN0000000016262
601006851-0,医用高分子夹板,336 (7.5*90cm),南京双威生物医学科技有限公司,
603907786,电池式医用电动钻锯 JD1005,JSZ-I(普通空心钻),上海金始医疗器械有限公司,
601009620,非血管腔道导丝,JHY-ZGW-88-450-A,常州市久虹医疗器械有限公司,CN0000000014110
601906385,一次性使用手术巾包,胸包 BC8210K-介入手术包,宏昌生物医疗科技（平湖）有限公司,
601902332,无菌医用缝合针 1*1,TY-1-11171,上海浦东金环医疗用品股份有限公司,
604068346,金属直型锁定接骨板 ,GZXS I 04 尺桡骨钢板 6孔 纯钛 非灭菌,上海浦卫医疗器械厂有限公司,
604068343,金属直型锁定接骨板,GZXSⅠ04 股骨加压钢板 12孔 纯钛 非灭菌,上海浦卫医疗器械厂有限公司,
604068344,金属直型锁定接骨板 ,GZXS I 04 股骨加压钢板 10孔 纯钛 非灭菌,上海浦卫医疗器械厂有限公司,
604068345,金属直型锁定接骨板 ,GZXS I 04 股骨加压钢板 8孔 纯钛 非灭菌,上海浦卫医疗器械厂有限公司,
601910685,检查手套,有粉 S,上海华新医材有限公司,
601910754,一次性使用医用手术帽,A2 15cm*22cm 灭菌级,稳健医疗（黄冈）有限公司,
604901617,导引导管,MODEL-6F GUIDE RADIAL,Boston Scientific Corporation 波士顿科学公司,
603918218,内窥镜手术器械控制系统用器械和附件,420009,"Intuitive Surgical, Inc. 直观医疗公司",
604042883,人工晶状体,SN60WF +20.0D,"Alcon Laboratories, Incorporated 美国爱尔康公司",
601909722,丝线编织非吸收性缝线,SA845G,强生（中国）医疗器材有限公司,
601904686,丝线编织非吸收性缝线,W666,强生（中国）医疗器材有限公司,
601904685,丝线编织非吸收性缝线,W333,强生（中国）医疗器材有限公司,
604009451,锁定接骨板,04.112.109S,Synthes GmbH 辛迪思有限公司,
604009456,锁定接骨板,04.112.112,Synthes GmbH 辛迪思有限公司,
604009470,锁定接骨板,04.112.130S,Synthes GmbH 辛迪思有限公司,
604009484,锁定接骨板,04.112.142,Synthes GmbH 辛迪思有限公司,
603917062,组合式外固定支架,WGD-ZHX-Ⅱ-01φ5*150 (0106933189188068),常州市康辉医疗器械有限公司,
604072403,锁定金属接骨板系统,锁定螺钉-SAZX-LLTDHAL02 φ3.5 *85,北京贝思达生物技术有限公司,CN0000000015693
604072414,锁定金属接骨板系统,锁定螺钉-SAZX-LLTDHAL02 φ5.0 *34,北京贝思达生物技术有限公司,CN0000000015693
604072934,胆道支架,BB-100406,"韩国 SEWOON MEDICAL CO,.LTD",CN0000000006543
604901975,金属接骨螺钉,HAQ03 3.5*28mm,常州市康辉医疗器械有限公司,
604073065,锁定金属接骨板系统,AZX-LL ABLS024 6*13*136*10*3.0 左,北京贝思达生物技术有限公司,CN0000000016262
604073068,锁定金属接骨板系统,AZX-LL ABLS029 12*13*213*10*3.0 左,北京贝思达生物技术有限公司,CN0000000016262
604073106,锁定金属接骨板系统,AZX-LL ABLS264 6*12*113*10*2.4 右,北京贝思达生物技术有限公司,CN0000000016262
604073115,锁定金属接骨板系统,AZX-LL ABLS264 11*13*175*10*2.4 左,北京贝思达生物技术有限公司,CN0000000016262
604073044,锁定金属接骨板系统,AZX-LL ABLS714 8*13*109*11*3.0,北京贝思达生物技术有限公司,CN0000000016263
601008063,一次性使用胃管,成人 F18,上海祥盛医疗器械厂有限公司,
601011381,一次性使用细胞刷,DT-DCB-02/1200-Z,常州德天医疗器械有限公司,CN0000000028131
601008066,一次性使用胃管,小儿 F5,上海祥盛医疗器械厂有限公司,
604074254,锁定金属接骨板系统,AZX-LL ABLS820 9*18*204*20*6.0,北京贝思达生物技术有限公司,
604074258,直型金属接骨板系统,AZX-ZQ ABZSQ365 6*18*125*16*4.0,北京贝思达生物技术有限公司,
603918666,单臂式骨科外固定支架,WJDF03 Φ3.0*70,天津京都贝思达生物技术有限公司,
604074299,羟基磷灰石涂层人工髋关节,HAG-KB(股骨柄) 3#,北京优材京航生物科技有限公司,
604074311,髋关节假体,KJDb、KDAa(多孔髋臼（髋臼杯、内衬）、髋杯固定螺钉) 内径：Φ28mm 外径：Φ48mm,北京优材京航生物科技有限公司,
604074321,髋关节假体,KJDb、KDAa(多孔髋臼（髋臼杯、内衬）、髋杯固定螺钉) 内径：Φ32mm 外径：Φ54mm,北京优材京航生物科技有限公司,
604074344,膝关节假体,XCGa(C系列股骨部件) 2L,北京优材京航生物科技有限公司,
604074356,膝关节假体,XCJa(C系列胫骨平台) 2# 14mm,北京优材京航生物科技有限公司,
601904949,医用输液贴,PY1 7cm*4cm (JM7*4B-5),江西3L医用制品集团股份有限公司,
601011403,带针胸管,I12965,太平洋医材股份有限公司,CN0000000022613
601011427,带针胸管,I13054,太平洋医材股份有限公司,CN0000000022613
601910600,一次性使用引流管,F26 硅胶 二通接头,苏州市亚新医疗用品有限公司,
603900241,金刚砂车针,TF-21F 5*1 MANI,"MANI,INC. マニー株式会社 马尼株式会社",
604064619,一次性使用介入手术器械包,KDL-YX-012-01,上海瑛泰医疗器械股份有限公司,W99010010
601910766,医用一次性防护服,ZANRAY 2020 170,上海赞瑞实业有限公司,
601910767,医用一次性防护服,ZANRAY 2020 175,上海赞瑞实业有限公司,
601910768,医用一次性防护服,ZANRAY 2020 180,上海赞瑞实业有限公司,
601910769,医用一次性防护服,ZANRAY 2020 185,上海赞瑞实业有限公司,
604069136,人工膝关节系统,960086,"DePuy Orthopaedics, Inc. 德培依（美国）骨科股份有限公司",CN0000000009165
604069196,膝关节翻修组件,867449,"DePuy Orthopaedics, Inc. 德培依（美国）骨科股份有限公司",CN0000000010946
604069385,高交联垫片,1581-23-117,"DePuy Orthopaedics, Inc. 德培依（美国）骨科股份有限公司",C03420310701010090980000026
603909830,泪点扩张器 MR-I502-2,单锥度式，短锥,苏州市协和医疗器械有限公司,
603900213,金刚砂车针,WR-13 5*1 MANI,"MANI,INC. マニー株式会社 马尼株式会社",
601004405,无针输液接头,4097145,B.Braun Melsungen AG. 贝朗梅尔松根股份有限公司,226143
603916681,电外科手术器械,E0020V,Covidien llc 柯惠有限责任公司,
604064768,分叉型覆膜支架及输送系统,HBL1216-110,上海微创心脉医疗科技(集团)股份有限公司,
604065643,分叉型覆膜支架及输送系统,HBB2614-130-1500,上海微创心脉医疗科技(集团)股份有限公司,
601900828,牙用不锈钢丝,0.5MM 50G (059-0550),上海康桥齿科医械厂,
604066801,药物洗脱冠脉支架系统,4.0mm*25mm,易生科技（北京）有限公司,
603900514,钢质机用根管器械,(机用短头扩管钻) 32M/M #1 6*1 GATES DRILLS,"MANI,INC. マニー株式会社 马尼株式会社",
604042886,人工晶状体,SN60WF +21.5D,"Alcon Laboratories, Incorporated 美国爱尔康公司",
604073440,锁定金属接骨板系统,AZX-LL ABLS951 6*5*34*4.5*1.0,北京贝思达生物技术有限公司,CN0000000016262
604073460,锁定金属接骨板系统,AZX-LL ABLS652 6*6*32.4*4.5*1.0 右,北京贝思达生物技术有限公司,CN0000000016262
604073472,锁定金属接骨板系统,AZX-LL ABLS951 6*5*34*4.5*1.2,北京贝思达生物技术有限公司,CN0000000016262
604073476,锁定金属接骨板系统,AZX-LL ABLS652 8*6*22.5*14.5*1.2,北京贝思达生物技术有限公司,CN0000000016262
601911264,医用一次性针电极,NEC3845 (配导线CCN1500),西安富德医疗电子有限公司,
601905885,一次性使用人体静脉血样采集容器,EDTAK2/5ml/紫长,浏阳市三力医用科技发展有限公司,
601004055,输液用三通,"394602 输液用三通,蓝色手柄",Becton Dickinson Infusion Therapy AB 碧迪公司,
601004054,输液用三通,"394601 输液用三通,白色手柄",Becton Dickinson Infusion Therapy AB 碧迪公司,
601005103,经支气管抽吸针,M00564101,Boston Scientific Corporation 波士顿科学公司,
601005104,经支气管抽吸针,M00564111,Boston Scientific Corporation 波士顿科学公司,
601005105,经支气管抽吸针,M00564121,Boston Scientific Corporation 波士顿科学公司,
604073537,腹主动脉覆膜支架及输送系统,CL20-110,上海微创心脉医疗科技(集团)股份有限公司,CN0000000021529
604073541,腹主动脉覆膜支架及输送系统,CL13-120,上海微创心脉医疗科技(集团)股份有限公司,CN0000000021529
604073553,腹主动脉覆膜支架及输送系统,CL24-130,上海微创心脉医疗科技(集团)股份有限公司,CN0000000021787
604073556,腹主动脉覆膜支架及输送系统,CL16-140,上海微创心脉医疗科技(集团)股份有限公司,CN0000000021787
604073571,腹主动脉覆膜支架及输送系统,CM28-100,上海微创心脉医疗科技(集团)股份有限公司,CN0000000021530
604073578,腹主动脉覆膜支架及输送系统,CM28-110,上海微创心脉医疗科技(集团)股份有限公司,CN0000000021530
604073594,腹主动脉覆膜支架及输送系统,CM32-130,上海微创心脉医疗科技(集团)股份有限公司,CN0000000021788
604073617,药物球囊扩张导管,DEB20080090,上海微创心脉医疗科技(集团)股份有限公司,CN0000000028578
604073626,药物球囊扩张导管,DEB20220150,上海微创心脉医疗科技(集团)股份有限公司,CN0000000028577
604073629,药物球囊扩张导管,DEB25040090,上海微创心脉医疗科技(集团)股份有限公司,CN0000000028578
604073631,药物球囊扩张导管,DEB25060090,上海微创心脉医疗科技(集团)股份有限公司,CN0000000028578
604073634,药物球囊扩张导管,DEB25080150,上海微创心脉医疗科技(集团)股份有限公司,CN0000000028578
604073689,药物球囊扩张导管,DEB40080090,上海微创心脉医疗科技(集团)股份有限公司,CN0000000028578
604073710,药物球囊扩张导管,DEB50060130,上海微创心脉医疗科技(集团)股份有限公司,CN0000000028578
604073722,药物球囊扩张导管,DEB60020130,上海微创心脉医疗科技(集团)股份有限公司,CN0000000028578
604073738,药物球囊扩张导管,DEB70020130,上海微创心脉医疗科技(集团)股份有限公司,CN0000000028578
604073745,药物球囊扩张导管,DEB70100090,上海微创心脉医疗科技(集团)股份有限公司,CN0000000028576
603918470,显微眼用镊,MR-F423T-1,苏州市协和医疗器械有限公司,
603918494,电外科手术器械 97C001,82460150 ORBITARIS旋转手柄 φ3mm 平插,德国 Günter Bissinger Medizintechnik GmbH 君特必辛格医疗技术有限公司,-
604068462,扩张鞘,LR-TEFBES002,Cook Incorporated 库克公司,CN0000000017601
604068516,肠道支架,BP-181812,"韩国 SEWOON MEDICAL CO,.LTD",CN0000000006541
604068570,肠道支架,BP-260412,"韩国 SEWOON MEDICAL CO,.LTD",CN0000000006541
604068796,肠道支架,BP-181618,"韩国 SEWOON MEDICAL CO,.LTD",CN0000000006541
604068896,肠道支架,BP-301518,"韩国 SEWOON MEDICAL CO,.LTD",CN0000000006541
604068928,肠道支架,BP-181323,"韩国 SEWOON MEDICAL CO,.LTD",CN0000000006541
604068983,肠道支架,BP-241723,"韩国 SEWOON MEDICAL CO,.LTD",CN0000000006541
604069214,膝关节翻修组件,129456115,"DePuy Orthopaedics, Inc. 德培依（美国）骨科股份有限公司",CN0000000010947
604071753,金属骨针,GZZh01 Φ2.0*250mm 钛合金 灭菌,上海浦卫医疗器械厂有限公司,CN0000000007184
601909566,真空采血管,363095 枸橼酸钠(CIT) 浅蓝色安全 可手写纸质 2.7ml 13*75mm 塑料 0.109mol/L,Becton Dickinson and company 碧迪公司,
601911179,医用检查手套,CL101188C 天然乳胶 中号(无粉) (附纹理),"AMD Medicom, Inc. 麦迪康（加拿大）公司",
601911178,检查手套,天然乳胶 中号(有粉),"AMD Medicom, Inc. 麦迪康（加拿大）公司",
601911177,医用检查手套,1188B 天然乳胶小号(无粉),"AMD Medicom, Inc. 麦迪康（加拿大）公司",
601911176,检查手套,天然乳胶 小号(有粉),"AMD Medicom, Inc. 麦迪康（加拿大）公司",
604043648,钛合金脑动脉瘤夹,FT246T,Aesculap AG 蛇牌股份有限公司,
604000522,导丝,RF*PA18263M,日本 テルモ株式会社 Terumo Corporation 泰尔茂株式会社,
604072650,PTA球囊扩张导管,U41503H10,"Bard Peripheral Vascular, Inc. 巴德外周血管股份有限公司",CN0000000005317
604047292,中心孔后房屈光型人工晶状体,VICMO 13.7 -10.5D,STAAR Surigical AG,
604047240,中心孔后房屈光型人工晶状体,VICMO 13.2 -5.0D,STAAR Surigical AG,
604047234,中心孔后房屈光型人工晶状体,VICMO 13.2 -2.5D,STAAR Surigical AG,
604047332,中心孔后房散光屈光型人工晶状体,VTICMO 12.1 -12.5D,STAAR Surigical AG,
604074380,角度型金属接骨板系统,SZX-YQJ (HB)半螺纹松质接骨螺钉 φ4.5*30 非灭菌,北京贝思达生物技术有限公司,
601009442,一次性使用无菌血液透析用中心静脉导管,FH-2154,广东百合医疗科技股份有限公司,
603918620,牙骨凿 K22140,牙釉 直刃 刃宽1.5,上海医疗器械（集团）有限公司手术器械厂,-
603918636,髋关节手术器械,QXK 开口凿,北京优材京航生物科技有限公司,
604074422,带锁髓内钉,S002380255 SSSDC03 主钉 (胫骨带锁髓内钉II) φ8.0*255 非灭菌,北京贝思达生物技术有限公司,
604074440,带锁髓内钉,S008110320 SSSDQ01 主钉 (加长股骨带锁髓内钉II 左) φ10*320 非灭菌,北京贝思达生物技术有限公司,
604074446,带锁髓内钉,S008110440 SSSDQ01 主钉 (加长股骨带锁髓内钉II 左) φ10*440 非灭菌,北京贝思达生物技术有限公司,
604074489,角度型金属接骨板系统,S383065085 SZX-YQK (HB)半螺纹松质接骨螺钉 φ6.5*85 非灭菌,北京贝思达生物技术有限公司,
604074494,角度型金属接骨板系统,S383065110 SZX-YQK (HB)半螺纹松质接骨螺钉 φ6.5*110 非灭菌,北京贝思达生物技术有限公司,
604074495,锁定金属接骨板系统,S416005070 SZX-LL 四肢骨干锁定加压钢板 SBLS714 5*13*70*11*3.0  非灭菌,北京贝思达生物技术有限公司,
604074501,锁定金属接骨板系统,S435115056 SZX-LL 四肢干骺端解剖型锁定加压钢板 SBLS662 15*7.5*56*7*1.6 非灭菌,北京贝思达生物技术有限公司,
604074511,锁定金属接骨板系统,S475006125 SZX-LL 四肢骨干锁定加压钢板 SBLS715 6*18*125*16*4.0 非灭菌,北京贝思达生物技术有限公司,
604074526,锁定金属接骨板系统,S481035060 SZX-LL 接骨螺钉 SDHAL02 φ3.5*60 非灭菌,北京贝思达生物技术有限公司,
604074577,解剖型金属接骨板系统,S381045040 SZX-YJQ (HA)皮质接骨螺钉(内六角) φ4.5*40 非灭菌,北京贝思达生物技术有限公司,
604074588,直型金属接骨板系统,S204006087 SZX-ZQ 尺、桡骨LC-DCP骨板 SBZSQ304 6*13*87*10*3.0 非灭菌,北京贝思达生物技术有限公司,
603918670,单臂式骨科外固定支架,WJDB01 Φ4.0*220,天津京都贝思达生物技术有限公司,
606001188,电子体温计,MC-686,欧姆龙（大连）有限公司,
601002372,可吸收性外科缝线,SXPP1A101,Ethicon LLC 爱惜康有限责任公司,
604070206,牙科种植体,033.051S,Institut Straumann AG. 士卓曼研究院股份公司,CN0000000017338
604070465,牙科种植系统,022.4410,Institut Straumann AG. 士卓曼研究院股份公司,CN0000000025975
604009380,髓内钉系统,473.804S,Synthes GmbH 辛迪思有限公司,
604003098,金属接骨螺钉,47-1155-095-05,"Zimmer, Inc. 美国捷迈公司",
604012021,空心螺钉,04.230.110,Synthes GmbH 辛迪思有限公司,
604010396,髓内钉系统,04.004.261S,Synthes GmbH 辛迪思有限公司,
604010582,髓内钉系统,04.005.632,Synthes GmbH 辛迪思有限公司,
606001196,电子血压计,HEM-7206J,欧姆龙（大连）有限公司,
604031533,PTCA球囊导管,euca VI 25026,eucatech AG 医可科技股份有限公司,
604031527,PTCA球囊导管,euca VI 25020,eucatech AG 医可科技股份有限公司,
604031494,PTCA球囊导管,euca VI 22528,eucatech AG 医可科技股份有限公司,
604031382,PTCA球囊导管,euca VI 15039,eucatech AG 医可科技股份有限公司,
604031361,PTCA球囊导管,euca VI 15018,eucatech AG 医可科技股份有限公司,
604028739,外周球囊扩张导管,SBI050300130,Invatec S.p.A. 意大利英泰克股份公司,
604071816,髋关节固定螺钉,180-658/35,Waldemar Link GmbH & Co. KG 沃尔德马林克有限两合公司,C03400510801000003490000020
604071916,外周血管球囊扩张导管,1014263-100,Abbott Vascular 雅培心血管,CN0000000019648
604043609,钛合金脑动脉瘤夹,FT110T,Aesculap AG 蛇牌股份有限公司,
603909792,睑板腺囊肿镊,MR-S237,苏州市协和医疗器械有限公司,
603909795,睑板腺囊肿镊 MR-S237,大号,苏州市协和医疗器械有限公司,
603916381,睑板腺囊肿镊,MR-S237,苏州市协和医疗器械有限公司,
604072214,输尿管支架,788822,"C.R. Bard,Inc. 巴德股份有限公司",CN0000000022645
604041962,人造血管,VL4006C,"Bard Peripheral Vascular, Inc. 巴德外周血管股份有限公司",
604042859,人工晶状体,SN60WF +8.0D,"Alcon Laboratories, Incorporated 美国爱尔康公司",
604042862,人工晶状体,SN60WF +9.5D,"Alcon Laboratories, Incorporated 美国爱尔康公司",
604072571,PTA球囊扩张导管,U413024,"Bard Peripheral Vascular, Inc. 巴德外周血管股份有限公司",CN0000000005317
604072710,PTA球囊扩张导管,U815022,"Bard Peripheral Vascular, Inc. 巴德外周血管股份有限公司",CN0000000005317
604072903,PTA球囊扩张导管,U813076,"Bard Peripheral Vascular, Inc. 巴德外周血管股份有限公司",CN0000000005317
604072497,造影导管,452-542V0,Cordis Cashel 康蒂思（爱尔兰）,CN0000000017198
604047420,中心孔后房散光屈光型人工晶状体,VTICMO 13.7 -2.5D,STAAR Surigical AG,
604038584,血管自扩张支架系统,H74939200064020,Boston Scientific Corporation 波士顿科学公司,
603918501,电外科手术器械 97C008,82460302 双极电极29cm φ3mm Maryland解剖镊,德国 Günter Bissinger Medizintechnik GmbH 君特必辛格医疗技术有限公司,-
603918502,电外科手术器械 97C009,82460304 双极电极29cm φ3mm 三角抓取镊,德国 Günter Bissinger Medizintechnik GmbH 君特必辛格医疗技术有限公司,-
604033065,锁定金属接骨板系统,P26000,Biomet Trauma 邦美创伤公司,
604033083,锁定金属接骨板系统,TP20000,Biomet Trauma 邦美创伤公司,
604916650-0,脊柱内固定系统,G5 HL03 横向连接器 φ5.5，可调式28～31mm,常州市康辉医疗器械有限公司,-
605000082,测试卡,SC80,Radiometer Medical ApS 雷度米特医疗设备有限公司,
604014657,钛锁定接骨板系统,71860910,"Smith & Nephew, Inc. 美国施乐辉有限公司",
604014796,钛锁定接骨板系统,71864024,"Smith & Nephew, Inc. 美国施乐辉有限公司",
604014903,钛锁定接骨板系统,71866016,"Smith & Nephew, Inc. 美国施乐辉有限公司",
604014908,钛锁定接骨板系统,71866026,"Smith & Nephew, Inc. 美国施乐辉有限公司",
604015044,钛锁定接骨板系统,71869308,"Smith & Nephew, Inc. 美国施乐辉有限公司",
604047484,钛锁定接骨板系统,71861909,"Smith & Nephew, Inc. 美国施乐辉有限公司",
604035301,导引导管,588830,美国 Cordis Corporation 康蒂思公司,117506
604035338,导引导管,5888206,美国 Cordis Corporation 康蒂思公司,
604035422,导引导管,67018100,美国 Cordis Corporation 康蒂思公司,
604035466,导引导管,77804200,美国 Cordis Corporation 康蒂思公司,
604035515,导引导管,5560600L,美国 Cordis Corporation 康蒂思公司,
604069563,膝关节假体,胫骨平台垫 XN-76,北京市春立正达医疗器械股份有限公司,CN0000000010665
604023596,指引导管,LA5EBU405,"Medtronic, Inc. 美敦力公司",
604023610,指引导管,LA5ERADRST,"Medtronic, Inc. 美敦力公司",
604023631,指引导管,LA5JCR50,"Medtronic, Inc. 美敦力公司",
604023643,指引导管,LA5JL45,"Medtronic, Inc. 美敦力公司",
604023844,指引导管,LA6EBU40,"Medtronic, Inc. 美敦力公司",
604023919,指引导管,LA6IMAA,"Medtronic, Inc. 美敦力公司",
604043603,钛合金脑动脉瘤夹,FT098T,Aesculap AG 蛇牌股份有限公司,
604043716,钛合金脑动脉瘤夹,FT711T,Aesculap AG 蛇牌股份有限公司,
601010297,通用内镜直线切割吻合器及一次性钉匣,吻合器 ENDO RLC,天津瑞奇外科器械股份有限公司,CN0000000019926
604072642,PTA球囊扩张导管,U41003H4,"Bard Peripheral Vascular, Inc. 巴德外周血管股份有限公司",CN0000000005317
604072688,PTA球囊扩张导管,U413052,"Bard Peripheral Vascular, Inc. 巴德外周血管股份有限公司",CN0000000005317
604072791,PTA球囊扩张导管,U8130322,"Bard Peripheral Vascular, Inc. 巴德外周血管股份有限公司",CN0000000005317
604047231,中心孔后房屈光型人工晶状体,VICMO 13.2 -1.75D,STAAR Surigical AG,
604047205,中心孔后房屈光型人工晶状体,VICMO 12.6 -8.0D,STAAR Surigical AG,
603901416,牙刮匙 K24180,2#双弯铲形 八角柄,上海医疗器械（集团）有限公司手术器械厂,
603904498,刮匙 N1N020,19cm弯15° 匙形无孔 刃1.6(钛),上海医疗器械（集团）有限公司手术器械厂,
604043806,金属接骨板系统,30-0233,Acumed LLC 艾克曼有限公司,
604043858,金属接骨板系统,30-0285,Acumed LLC 艾克曼有限公司,
604043868,金属接骨板系统,30-0295,Acumed LLC 艾克曼有限公司,
604043869,金属接骨板系统,30-0296,Acumed LLC 艾克曼有限公司,
604043877,金属接骨板系统,30-0304,Acumed LLC 艾克曼有限公司,
604043926,金属接骨板系统,70-0304,Acumed LLC 艾克曼有限公司,
604043934,金属接骨板系统,70-0312,Acumed LLC 艾克曼有限公司,
604043970,金属接骨板系统,CA-PHB25,Acumed LLC 艾克曼有限公司,
604043975,金属接骨板系统,CA-PHB375,Acumed LLC 艾克曼有限公司,
604043977,金属接骨板系统,CA-PHB45,Acumed LLC 艾克曼有限公司,
604044462,金属接骨板系统,COL-2360,Acumed LLC 艾克曼有限公司,
604044470,金属接骨板系统,COL-3060,Acumed LLC 艾克曼有限公司,
604044482,金属接骨板系统,COL-3340,Acumed LLC 艾克曼有限公司,
604065020,冠脉雷帕霉素靶向洗脱支架系统(火鹰),RV3038,上海微创医疗器械（集团）有限公司,
601009011,一次性使用胶乳胆管引流管,8Fr,湛江市事达实业有限公司,W05010121
603917029,电外科手术器械,E1450-4,Covidien llc 柯惠有限责任公司,
604037718,诊断用电极导管,M0044000970,Boston Scientific Corporation 波士顿科学公司,1240639
601911034,纱布绷带,卷筒式 6*600,上海宏隆医疗用品设备有限公司,
604015466,髋臼系统,71332550,"Smith & Nephew, Inc. 美国施乐辉有限公司",
604031666,PTCA球囊导管,euca VI 32536,eucatech AG 医可科技股份有限公司,
604031578,PTCA球囊导管,euca VI 27530,eucatech AG 医可科技股份有限公司,
604031538,PTCA球囊导管,euca VI 25031,eucatech AG 医可科技股份有限公司,
604031503,PTCA球囊导管,euca VI 22537,eucatech AG 医可科技股份有限公司,
604031370,PTCA球囊导管,euca VI 15027,eucatech AG 医可科技股份有限公司,
601010206,一次性使用异物钳,MTN-GF-18/16-1-C-0,南微医学科技股份有限公司,C01022800800003049370000357
604071948,肝素涂层血管内覆膜支架系统,VBHR051002W,"W.L. Gore & Associates, Inc. 戈尔及同仁有限公司",CN0000000023045
601902798,气胸针,1.2*70 B,上海埃斯埃医疗技术有限公司,
601902797,气胸针,1.2*70 A,上海埃斯埃医疗技术有限公司,
604073780,一次性使用无菌外周血管内球囊扩张导管,030-2000040,普利瑞医疗科技（苏州）有限公司,CN0000000010318
604067979,颅内动脉瘤栓塞用电解脱弹簧圈及其输送系统,SEDC14-06-20,山东维心医疗器械有限公司,
604067954,颅内动脉瘤栓塞用电解脱弹簧圈及其输送系统,SEDC10-04-04,山东维心医疗器械有限公司,
604067961,颅内动脉瘤栓塞用电解脱弹簧圈及其输送系统,SEDC10-06-08,山东维心医疗器械有限公司,
604067971,颅内动脉瘤栓塞用电解脱弹簧圈及其输送系统,SEDC14-16-30,山东维心医疗器械有限公司,
604053617,血管内无载体含药(雷帕霉素)洗脱支架系统,LPRPS2536,乐普（北京）医疗器械股份有限公司,
604053621,血管内无载体含药(雷帕霉素)洗脱支架系统,LPRPS2721,乐普（北京）医疗器械股份有限公司,
604053635,血管内无载体含药(雷帕霉素)洗脱支架系统,LPRPS3521,乐普（北京）医疗器械股份有限公司,
604053636,血管内无载体含药(雷帕霉素)洗脱支架系统,LPRPS3524,乐普（北京）医疗器械股份有限公司,
604073801,外周血管支架系统,371438 PRO-Kinetic Energy Explorer 2.5/9,瑞士 BIOTRONIK AG 百多力股份有限公司,CN0000000020596
604073812,外周血管支架系统,371470 PRO-Kinetic Energy Explorer 2.0/20,瑞士 BIOTRONIK AG 百多力股份有限公司,CN0000000020596
604073839,单件式髋臼假体及翻修组件,00-7000-064-20,"Zimmer Trabecular Metal Technology, Inc. 捷迈骨金属科技公司",CN0000000002775
604073835,单件式髋臼假体及翻修组件,00-7000-056-20,"Zimmer Trabecular Metal Technology, Inc. 捷迈骨金属科技公司",CN0000000002775
604068012,球囊扩张导管,4401202X,美国 Cordis Corporation 康蒂思公司,CN0000000010933
604068388,金属锁定接骨板,YSL02 小T型锁定板-2 10孔,山东康盛医疗器械有限公司,
604068838,肠道支架,BP-240818,"韩国 SEWOON MEDICAL CO,.LTD",CN0000000006541
601009167,一次性使用硅胶球囊导尿管,FC26230D,浙江优特格尔医疗用品有限公司,
604024194,指引导管,LA7AL40SH,"Medtronic, Inc. 美敦力公司",
604024261,指引导管,LA7EBU355,"Medtronic, Inc. 美敦力公司",
604024436,指引导管,LA7MP1D,"Medtronic, Inc. 美敦力公司",
604024591,指引导管,LA8CHAMP15D,"Medtronic, Inc. 美敦力公司",
604047062,单件式人工晶状体,AAB00 (+18D),美国 Abbott Medical Optics Inc,
603917274,电外科手术器械,E7509,Covidien llc 柯惠有限责任公司,
604037725,诊断用电极导管,M0044005100,Boston Scientific Corporation 波士顿科学公司,1240646
601001854,聚丙烯不可吸收缝合线,W8316,Ethicon LLC 爱惜康有限责任公司,
604069861,金属锁定接骨板系统,1701-0100-13,愛派司生技股份有限公司 爱派司生技股份有限公司,CN0000000003021
604033089,股骨柄,1012-04-010,"DePuy Orthopaedics, Inc. 德培依（美国）骨科股份有限公司",C03440210702008090980000048
604033090,股骨柄,1012-04-030,"DePuy Orthopaedics, Inc. 德培依（美国）骨科股份有限公司",C03440210702008090980000105
604033091,股骨柄,1012-04-040,"DePuy Orthopaedics, Inc. 德培依（美国）骨科股份有限公司",C03440210702008090980000110
604033092,股骨柄,1012-04-050,"DePuy Orthopaedics, Inc. 德培依（美国）骨科股份有限公司",C03440210702008090980000109
604033093,股骨柄,1012-04-060,"DePuy Orthopaedics, Inc. 德培依（美国）骨科股份有限公司",C03440210702008090980000102
601903414,一次性使用医用橡胶检查手套,麻面无粉 中号(M 7.5),上海科邦医用乳胶器材有限公司,
604070463,牙科种植系统,048.642,Institut Straumann AG. 士卓曼研究院股份公司,CN0000000025975
604071763,金属骨针,GZZh01 Φ3.5*240mm 钛合金 灭菌,上海浦卫医疗器械厂有限公司,CN0000000007184
601010224,一次性使用异物钳,MTN-GF-18/10-3-C-1,南微医学科技股份有限公司,C01022800800003049370000001
604043646,钛合金脑动脉瘤夹,FT242T,Aesculap AG 蛇牌股份有限公司,
604000404,血管内造影导管,RF*DC45008M,日本 テルモ株式会社 Terumo Corporation 泰尔茂株式会社,
604072634,PTA球囊扩张导管,U4130322,"Bard Peripheral Vascular, Inc. 巴德外周血管股份有限公司",CN0000000005317
604072753,PTA球囊扩张导管,U8752H12,"Bard Peripheral Vascular, Inc. 巴德外周血管股份有限公司",CN0000000005317
604044504,金属接骨板系统,FA-CO3560,Acumed LLC 艾克曼有限公司,
604044515,金属接骨板系统,PL-CL8MR,Acumed LLC 艾克曼有限公司,
604044535,金属接骨板系统,PL-LEM16,Acumed LLC 艾克曼有限公司,
604044538,金属接骨板系统,PL-LEM9L,Acumed LLC 艾克曼有限公司,
601910358,一次性使用溶药器注射器,20ml 1.6*32 侧孔 螺口,山东安得医疗用品股份有限公司,
601006588,一次性使用内窥镜异物钳,ATE-YWQ-CXDZ-23*2300*15,江苏安特尔医疗科技有限公司,
601909371,一次性使用呼吸过滤器包,呼吸管路型B，带接头，组合部件,斯莱达医疗用品（惠州）有限公司,
601911456,一次性使用微量采血吸管,双标线:10-20ul (400支装),江苏康健华医疗用品有限公司,-
602903474,踝关节康复训练系统,M1A01S,长沙巨翊医疗科技有限公司,
601905655,颅脑手术薄膜,SN4545-N P-C型 45cm*45cm(PE 40*40),江西3L医用制品集团股份有限公司,
603918172,内窥镜手术器械控制系统,420001,"Intuitive Surgical, Inc. 直观医疗公司",
603918200,内窥镜手术器械控制系统,420208,"Intuitive Surgical, Inc. 直观医疗公司",
603918203,内窥镜手术器械控制系统,420230,"Intuitive Surgical, Inc. 直观医疗公司",
601911458,非吸收性外科缝线,Y901 锦线针 9/0 ○3/8 6mm（1*5）30cm,淮阴医疗器械有限公司,-
602903475,悬吊康复训练器,Setplus4Dhy,广州虹扬医疗科技有限公司,
602903469,经颅电刺激仪,VC-8000E,南京沃高医疗科技有限公司,
604074654,金属锁定接骨板系统,0602-0000-06,愛派司生技股份有限公司 爱派司生技股份有限公司,CN0000000024914
604074659,金属锁定接骨板系统,0602-0001-06,愛派司生技股份有限公司 爱派司生技股份有限公司,CN0000000024914
604074675,金属锁定接骨板系统,0401-0000-04,愛派司生技股份有限公司 爱派司生技股份有限公司,CN0000000024916
604074694,金属锁定接骨板系统,0401-0001-16,愛派司生技股份有限公司 爱派司生技股份有限公司,CN0000000024916
604074696,金属锁定接骨板系统,0401-0001-20,愛派司生技股份有限公司 爱派司生技股份有限公司,CN0000000024916
604074702,金属锁定接骨板系统,1400-0000-08,愛派司生技股份有限公司 爱派司生技股份有限公司,CN0000000024916
604074707,金属锁定接骨板系统,1400-0001-04,愛派司生技股份有限公司 爱派司生技股份有限公司,CN0000000024916
604074716,金属锁定接骨板系统,0815-0302-09,愛派司生技股份有限公司 爱派司生技股份有限公司,CN0000000024805
603918105,骨撬 P24010,24cm弯 圆头 伞柄骨掀 髋关节,上海医疗器械（集团）有限公司手术器械厂,
601002362,合成可吸收性外科缝线,W9236T,Ethicon LLC 爱惜康有限责任公司,W99010007
601003391,可吸收缝合线,VLOCL0614,Covidien llc 柯惠有限责任公司,
601910708,医用防护面罩,F07(3222),黄骅市安登特医疗器械有限公司,
604901663,导引导管,MODEL-8F MACH FCL,Boston Scientific Corporation 波士顿科学公司,
603918216,内窥镜手术器械控制系统用器械和附件,420005,"Intuitive Surgical, Inc. 直观医疗公司",
604014716,钛锁定接骨板系统,71862412,"Smith & Nephew, Inc. 美国施乐辉有限公司",
604014812,钛锁定接骨板系统,71864080,"Smith & Nephew, Inc. 美国施乐辉有限公司",
604035335,导引导管,5888200,美国 Cordis Corporation 康蒂思公司,
604035481,导引导管,77806400,美国 Cordis Corporation 康蒂思公司,
601001851,聚丙烯不可吸收缝合线,W8003T,Ethicon LLC 爱惜康有限责任公司,W03010004
604070352,人工牙种植体,021.3314,Institut Straumann AG. 士卓曼研究院股份公司,CN0000000021165
604070281,牙科种植系统,021.5410,Institut Straumann AG. 士卓曼研究院股份公司,CN0000000023055
604070331,牙科种植系统,048.325S,Institut Straumann AG. 士卓曼研究院股份公司,CN0000000023079
606000304,手动轮椅车,MSL-T(16),三贵康复器材（上海）有限公司,
604028764,外周球囊扩张导管,SBI070020130,Invatec S.p.A. 意大利英泰克股份公司,
604073857,尿道支架系统,028SW-70毫米,Pnn Medical A/S 珮恩医学,CN0000000020182
601010633,可吸收性外科缝线,JK-XK-035 圆 1/2 弧·6.3*17·26 45cm*45cm 90cm 3-0,海南百迈科医疗科技股份有限公司,CN0000000025451
601010649,可吸收性外科缝线,JK-XK-053 圆 1/2 弧·11.8*23·36 30cm 30cm 2,海南百迈科医疗科技股份有限公司,CN0000000025451
601010655,可吸收性外科缝线,JK-XK-059 圆 1/2 弧·10.8*26·40 45cm 45cm 1,海南百迈科医疗科技股份有限公司,CN0000000025451
601010658,可吸收性外科缝线,JK-XK-062 圆 1/2 弧·4.8*14·22 60cm 60cm 4-0,海南百迈科医疗科技股份有限公司,CN0000000025451
601010663,可吸收性外科缝线,JK-XK-067 圆 5/8 弧·4.8*9·20 30cm 30cm 4-0,海南百迈科医疗科技股份有限公司,CN0000000025451
601010666,可吸收性外科缝线,JK-XK-070 圆 1/2 弧·4.8*14·18 30cm 30cm 4-0,海南百迈科医疗科技股份有限公司,CN0000000025451
601010667,可吸收性外科缝线,JK-XK-079 圆 1/2 弧·10.8*23·36 60cm 60cm 1,海南百迈科医疗科技股份有限公司,CN0000000025451
601010670,可吸收性外科缝线,JK-XK-082 圆 1/2 弧·8.8*26·40 90cm 90cm 0,海南百迈科医疗科技股份有限公司,CN0000000025451
601010672,可吸收性外科缝线,JK-XK-084 圆 1/2 弧·8.8*26·40 45cm 45cm 0,海南百迈科医疗科技股份有限公司,CN0000000025451
601909920,柠檬酸消毒液,5L,Fresenius Medical Care AG & Co. KGaA 费森尤斯医药用品股份及两合公司,
601910596,医用干式胶片,KND-F-14*17in (市一北),深圳市柯尼达巨茂医疗设备有限公司,
604901671,导引导管,MODEL-8F MACH KR,Boston Scientific Corporation 波士顿科学公司,
604069161,人工膝关节系统,960536,"DePuy Orthopaedics, Inc. 德培依（美国）骨科股份有限公司",CN0000000009148
604069246,后稳定型股骨假体,1960-40-450,"DePuy Orthopaedics, Inc. 德培依（美国）骨科股份有限公司",CN0000000014742
601909611,中性电极,20194-080,ERBE Elektromedizin GmbH 德国爱尔博电子医疗仪器公司,
604072563,PTA球囊扩张导管,U41501H10,"Bard Peripheral Vascular, Inc. 巴德外周血管股份有限公司",CN0000000005317
604074844,PTA球囊导管,CB14-135-40040 OTW,"ev3, Inc. 医伟司安股份有限公司",CN0000000030014
604074855,PTA球囊导管,CB18-120-55120 OTW,"ev3, Inc. 医伟司安股份有限公司",CN0000000030013
604074859,PTA高压球囊扩张导管,ZWH135040004035B,归创通桥医疗科技股份有限公司,CN0000000029244
604074862,PTA高压球囊扩张导管,ZWH135070004035B,归创通桥医疗科技股份有限公司,CN0000000029244
604074865,PTA高压球囊扩张导管,ZWH135100004035B,归创通桥医疗科技股份有限公司,CN0000000029244
604074866,PTA高压球囊扩张导管,ZWH135040008035B,归创通桥医疗科技股份有限公司,CN0000000029244
604074869,PTA高压球囊扩张导管,ZWH135070008035B,归创通桥医疗科技股份有限公司,CN0000000029244
604074876,PTA高压球囊扩张导管,ZWH135070010035B,归创通桥医疗科技股份有限公司,CN0000000029244
604074810,膝关节假体,318-113/16,Waldemar Link GmbH & Co. KG 沃尔德马林克有限两合公司,C03420110701003003490000032
603918700,骨用牵开器,开窗型,苏州威邦医疗器械有限公司,-
601911467,一次性使用麻醉用针,AN-N 0.9*120mm,盐城市滋润医用器材厂,-
604037946,预安装血管支架系统(商品名：Express LD),H74938162820130,Boston Scientific Corporation 波士顿科学公司,
604074970,导管鞘器械,MAK505-E,"MERIT MEDICAL SYSTEMS, INC. 美国麦瑞通医疗设备有限公司",CN0000000004233
601011556,液体管理和组织清创系统附件,283459,DePuy Mitek 德培依运动医学股份有限公司,CN0000000020803
601001871,聚酯不可吸收缝合线,W6977M,Ethicon LLC 爱惜康有限责任公司,
604069581,膝关节假体,股骨髁 XN-6#L,北京市春立正达医疗器械股份有限公司,CN0000000010665
604023720,指引导管,LA5SR40,"Medtronic, Inc. 美敦力公司",
604023820,指引导管,LA6DC35SH,"Medtronic, Inc. 美敦力公司",
604023889,指引导管,LA6FL35ST,"Medtronic, Inc. 美敦力公司",
604024099,指引导管,LA6RCBIISH,"Medtronic, Inc. 美敦力公司",
604024333,指引导管,LA7JCL45,"Medtronic, Inc. 美敦力公司",
604024341,指引导管,LA7JCR35SH,"Medtronic, Inc. 美敦力公司",
604024506,指引导管,LA7SL50SH,"Medtronic, Inc. 美敦力公司",
604024575,指引导管,LA8ARA7526,"Medtronic, Inc. 美敦力公司",
604024609,指引导管,LA8DC35SH,"Medtronic, Inc. 美敦力公司",
604024889,指引导管,LA8VXFL40SH,"Medtronic, Inc. 美敦力公司",
601907963,一次性使用心电电极,2502,上海梵华实业有限公司,
604047084,单件式人工晶状体,AAB00 (+29D),美国 Abbott Medical Optics Inc,
604065635,分叉型覆膜支架及输送系统,HBB2414-140-1500,上海微创心脉医疗科技(集团)股份有限公司,
604020756,一次性使用冠状动脉球囊扩张导管,635-203-1,"OrbusNeich Medical, B.V. 业聚医疗（荷兰）有限公司",
604034784,造影导管,451-518S0,美国 Cordis Corporation 康蒂思公司,
603900496,钢质机用根管器械,(机用长头扩管钻) 32M/M #1-#6 6*1 PEESO REAMERS,"MANI,INC. マニー株式会社 马尼株式会社",
604008000,髋关节假体(骨水泥型)-股骨柄及附件,99-0657/10,Waldemar Link GmbH & Co. KG 沃尔德马林克有限两合公司,
604011958,空心螺钉,04.226.665,Synthes GmbH 辛迪思有限公司,
604008114,膝关节假体(骨水泥型),318-102/03,Waldemar Link GmbH & Co. KG 沃尔德马林克有限两合公司,
604072699,PTA球囊扩张导管,U4100512,"Bard Peripheral Vascular, Inc. 巴德外周血管股份有限公司",CN0000000005317
604072831,PTA球囊扩张导管,U87546,"Bard Peripheral Vascular, Inc. 巴德外周血管股份有限公司",CN0000000005317
604047160,中心孔后房屈光型人工晶状体,VICMO 12.1 -6.0D,STAAR Surigical AG,
